date,işsizlik maaşı,işsizlik ödeneği,işsizlik başvurusu,işsizlik ödeneği nasıl alınır,işkur başvuru,sgk işten çıkış,işten çıkarılma tazminatı,kıdem tazminatı hesaplama,ihbar tazminatı,iş ilanı,iş arama,iş başvurusu,işkur,özgeçmiş,kariyer.net,mülakat soruları,ek iş,memur alımı,fabrika işçi alımı,güvenlik görevlisi alımı,işsizlik
2010-01-01,15.74703955656337,0.5,0.21212121212121213,0.0,1.3122532963802809,0.1375,0.0,3.1875,1.925,22.308306038464774,2.0,85.29646426471825,236.20559334845055,3.107142857142857,488.1582262534645,1.28125,1.8,57.659614537921435,0.0,0.29,31.16601578903167
2010-02-01,14.43478626018309,0.5,0.21212121212121213,0.0,2.6245065927605618,0.1,0.0,3.375,2.075,23.620559334845055,1.92,98.41899722852106,218.7088827300468,3.2857142857142856,498.6562526245067,1.65625,1.72,39.765251405463054,0.0,0.25,27.88538254808097
2010-03-01,15.74703955656337,0.4166666666666667,0.2727272727272727,0.0,2.6245065927605618,0.15,0.0,3.5,2.1,22.308306038464774,1.8,98.41899722852106,209.96052742084495,3.5714285714285716,524.9013185521123,1.03125,1.68,41.75351397573621,0.0,0.36,31.16601578903167
2010-04-01,14.43478626018309,0.25,0.18181818181818182,0.0,2.6245065927605618,0.075,0.0,3.0,1.9,20.996052742084494,1.4,83.98421096833798,183.7154614932393,3.2142857142857144,498.6562526245067,0.875,1.76,49.70656425682882,0.0,0.37,26.24506592760562
2010-05-01,13.12253296380281,0.3333333333333333,0.2727272727272727,0.0,2.6245065927605618,0.125,0.0,3.125,1.75,19.683799445704214,1.44,80.04745107919713,183.7154614932393,3.2857142857142856,440.91710758377434,1.75,1.36,53.68308939737513,0.0,0.28,26.24506592760562
2010-06-01,11.810279667422527,0.4166666666666667,0.21212121212121213,0.0,2.6245065927605618,0.1125,0.0,2.8125,1.7,22.308306038464774,1.56,77.42294448643656,209.96052742084495,3.2142857142857144,372.67993617199977,1.0,1.32,29.823938554097293,0.0,0.22,24.604749307130266
2010-07-01,14.43478626018309,0.4166666666666667,0.24242424242424243,0.0,1.3122532963802809,0.2125,0.0,3.5,1.975,23.620559334845055,1.52,87.92097085747882,218.7088827300468,3.3214285714285716,409.42302847064764,1.15625,1.44,49.70656425682882,0.0,0.32,24.604749307130266
2010-08-01,11.810279667422527,0.25,0.18181818181818182,0.0,1.3122532963802809,0.0875,0.0,3.375,1.975,24.932812631225335,1.56,95.7944906357605,192.4638168024412,3.2142857142857144,362.1819098009575,1.03125,1.56,53.68308939737513,0.0,0.18,21.324116066179563
2010-09-01,13.12253296380281,0.4166666666666667,0.15151515151515152,0.0,2.6245065927605618,0.1,0.0,3.25,1.7,24.932812631225335,1.54,101.04350382128163,218.7088827300468,3.25,356.9328966154364,0.96875,1.96,31.812201124370446,0.0,0.17,24.604749307130266
2010-10-01,13.12253296380281,0.3333333333333333,0.15151515151515152,0.0,2.6245065927605618,0.0875,0.0,3.0,1.75,24.932812631225335,1.42,87.92097085747882,332.4375017496711,3.5357142857142856,372.67993617199977,1.875,2.04,43.74177654600936,0.0,0.27,26.24506592760562
2010-11-01,13.12253296380281,0.3333333333333333,0.24242424242424243,0.0,1.3122532963802809,0.1125,0.0,3.0625,1.5,19.683799445704214,1.12,76.11069119005629,244.95394865765243,2.7857142857142856,325.43881750230963,1.15625,1.4,31.812201124370446,0.0,0.13,22.964432686654913
2010-12-01,17.059292852943653,0.3333333333333333,0.2727272727272727,0.0,2.6245065927605618,0.0875,0.0,2.625,1.425,22.308306038464774,1.32,85.29646426471825,306.19243582206553,3.4285714285714284,341.185857058873,0.9375,1.4,51.69482682710197,0.0,0.22,27.88538254808097
2011-01-01,14.43478626018309,0.25,0.15151515151515152,0.0,5.2490131855211235,0.1125,0.05,3.125,1.525,24.932812631225335,1.3,102.35575711766191,384.9276336048824,3.0357142857142856,346.4348702443942,1.78125,1.36,135.2018547785744,0.0,0.31,26.24506592760562
2011-02-01,13.12253296380281,0.25,0.12121212121212122,0.0,2.6245065927605618,0.125,0.04,3.125,1.5,24.932812631225335,1.2,94.48223733938022,332.4375017496711,2.7857142857142856,372.67993617199977,1.90625,1.2,61.63613967846774,0.42788571428571426,0.24,21.324116066179563
2011-03-01,13.12253296380281,0.25,0.15151515151515152,0.0,2.6245065927605618,0.1125,0.0,2.8125,1.225,23.620559334845055,1.18,95.7944906357605,306.19243582206553,3.2857142857142856,362.1819098009575,1.0,1.16,65.61266481901404,0.0,0.24,22.964432686654913
2011-04-01,10.498026371042247,0.25,0.15151515151515152,0.0,1.3122532963802809,0.1125,0.03,2.375,1.2,20.996052742084494,1.1,82.6719576719577,271.19901458525806,3.0714285714285716,335.9368438733519,0.875,1.16,39.765251405463054,0.0,0.17,19.683799445704214
2011-05-01,10.498026371042247,0.25,0.18181818181818182,0.0,1.3122532963802809,0.1,0.04,2.375,1.175,19.683799445704214,1.0,81.35970437557741,253.7023039668543,3.0357142857142856,330.6878306878308,1.78125,1.04,35.78872626491675,0.0,0.15,21.324116066179563
2011-06-01,10.498026371042247,0.25,0.12121212121212122,0.0,2.6245065927605618,0.125,0.0,2.625,1.225,23.620559334845055,1.08,101.04350382128163,262.4506592760562,3.107142857142857,335.9368438733519,1.21875,1.2,51.69482682710197,0.0,0.2,27.88538254808097
2011-07-01,10.498026371042247,0.25,0.12121212121212122,0.0,2.6245065927605618,0.275,0.03,3.4375,1.4,22.308306038464774,1.12,89.2332241538591,279.94736989445994,2.6785714285714284,362.1819098009575,1.4375,1.32,33.8004636946436,0.0,0.19,19.683799445704214
2011-08-01,23.620559334845055,0.3333333333333333,0.24242424242424243,0.0,2.6245065927605618,0.45,0.0,2.6875,1.35,24.932812631225335,1.12,87.92097085747882,323.6891464404693,2.642857142857143,356.9328966154364,1.15625,1.36,33.8004636946436,0.0,0.21,32.80633240950702
2011-09-01,15.74703955656337,0.25,0.18181818181818182,0.0,3.9367598891408426,0.4375,0.05,3.125,1.45,26.24506592760562,1.24,99.73125052490134,402.42434422328614,3.357142857142857,320.1898043167885,1.0625,2.12,31.812201124370446,0.0,0.21,24.604749307130266
2011-10-01,14.43478626018309,0.25,0.15151515151515152,0.0,2.6245065927605618,0.55,0.0,2.0625,1.3,22.308306038464774,1.2,74.79843789367601,323.6891464404693,3.4285714285714284,257.20164609053506,0.84375,2.04,31.812201124370446,0.0,0.16,22.964432686654913
2011-11-01,14.43478626018309,0.25,0.09090909090909091,0.0,2.6245065927605618,0.575,0.0,1.0,1.275,19.683799445704214,1.02,56.426891744352076,253.7023039668543,2.7142857142857144,99.73125052490134,0.875,1.44,37.776988835189904,0.0,0.13,22.964432686654913
2011-12-01,14.43478626018309,0.16666666666666666,0.09090909090909091,0.0,2.6245065927605618,0.475,0.0,0.9375,1.325,19.683799445704214,0.96,65.61266481901404,279.94736989445994,2.9642857142857144,73.48618459729573,0.90625,1.48,29.823938554097293,0.0,0.16,22.964432686654913
2012-01-01,18.371546149323933,0.25,0.18181818181818182,0.0,2.6245065927605618,1.25,0.03,1.4375,1.25,19.683799445704214,0.88,62.98815822625348,271.19901458525806,2.642857142857143,68.23717141177461,1.09375,1.36,31.812201124370446,0.0,0.21,26.24506592760562
2012-02-01,15.74703955656337,0.16666666666666666,0.2727272727272727,0.0,2.6245065927605618,0.8375,0.06,1.5625,1.3,20.996052742084494,1.04,66.92491811539432,271.19901458525806,2.8214285714285716,73.48618459729573,1.9375,2.24,49.70656425682882,0.0,0.2,24.604749307130266
2012-03-01,14.43478626018309,0.16666666666666666,0.15151515151515152,0.0,2.6245065927605618,0.525,0.03,1.4375,1.35,19.683799445704214,0.98,64.30041152263377,271.19901458525806,2.7857142857142856,73.48618459729573,1.71875,1.44,35.78872626491675,0.0,0.2,22.964432686654913
2012-04-01,13.12253296380281,0.16666666666666666,0.09090909090909091,0.0,2.6245065927605618,0.55,0.04,1.5,1.225,18.371546149323933,0.8,52.49013185521124,244.95394865765243,2.7142857142857144,62.98815822625348,1.34375,1.2,29.823938554097293,0.0,0.16,21.324116066179563
2012-05-01,13.12253296380281,0.16666666666666666,0.12121212121212122,0.0,2.6245065927605618,0.5875,0.03,1.6875,1.375,18.371546149323933,0.82,49.86562526245067,253.7023039668543,2.892857142857143,62.98815822625348,2.5625,1.24,31.812201124370446,0.0,0.11,21.324116066179563
2012-06-01,13.12253296380281,0.16666666666666666,0.24242424242424243,0.0,3.9367598891408426,0.725,0.03,1.875,1.3,20.996052742084494,0.9,62.98815822625348,244.95394865765243,2.4642857142857144,78.73519778281685,1.6875,3.28,43.74177654600936,0.0,0.14,21.324116066179563
2012-07-01,15.74703955656337,0.16666666666666666,0.2727272727272727,0.0,3.9367598891408426,1.05,0.03,2.5,1.55,26.24506592760562,0.94,68.23717141177461,358.6825676772768,2.392857142857143,94.48223733938022,1.5,2.12,37.776988835189904,0.0,0.1,22.964432686654913
2012-08-01,15.74703955656337,0.16666666666666666,0.15151515151515152,0.0,3.9367598891408426,0.8625,0.0,1.5625,1.45,24.932812631225335,0.82,64.30041152263377,297.44408051286365,2.5,89.2332241538591,1.46875,1.52,35.78872626491675,0.0,0.1,22.964432686654913
2012-09-01,15.74703955656337,0.16666666666666666,0.15151515151515152,0.0,5.2490131855211235,1.0625,0.03,1.5,1.35,28.86957252036618,0.98,99.73125052490134,358.6825676772768,3.25,89.2332241538591,2.125,2.36,53.68308939737513,0.0,0.13,22.964432686654913
2012-10-01,14.43478626018309,0.25,0.15151515151515152,0.0,3.9367598891408426,0.6125,0.03,1.3125,1.2,22.308306038464774,0.78,62.98815822625348,314.9407911312674,2.857142857142857,73.48618459729573,1.90625,1.68,39.765251405463054,0.0,0.13,22.964432686654913
2012-11-01,14.43478626018309,0.25,0.30303030303030304,0.0,3.9367598891408426,0.575,0.0,1.4375,1.325,23.620559334845055,0.9,61.6759049298732,358.6825676772768,2.75,68.23717141177461,1.6875,1.4,69.58918995956034,0.2852571428571428,0.12,22.964432686654913
2012-12-01,14.43478626018309,0.25,0.15151515151515152,0.0,5.2490131855211235,0.425,0.03,1.4375,1.275,22.308306038464774,0.8,56.426891744352076,384.9276336048824,2.5714285714285716,62.98815822625348,2.21875,1.32,51.69482682710197,0.41005714285714284,0.13,22.964432686654913
2013-01-01,17.059292852943653,0.25,0.12121212121212122,0.0,3.9367598891408426,0.55,0.03,1.875,1.4,23.620559334845055,0.74,56.426891744352076,384.9276336048824,2.5714285714285716,62.98815822625348,1.65625,1.4,43.74177654600936,0.25851428571428575,0.23,24.604749307130266
2013-02-01,15.74703955656337,0.25,0.09090909090909091,0.0,3.9367598891408426,0.55,0.03,1.6875,1.475,23.620559334845055,0.78,60.36365163349292,384.9276336048824,2.25,68.23717141177461,1.375,1.4,41.75351397573621,0.0,0.16,22.964432686654913
2013-03-01,14.43478626018309,0.25,0.15151515151515152,0.0,3.9367598891408426,0.4875,0.05,1.625,1.275,22.308306038464774,0.76,56.426891744352076,384.9276336048824,2.2857142857142856,68.23717141177461,1.65625,1.32,35.78872626491675,0.0,0.18,21.324116066179563
2013-04-01,14.43478626018309,0.25,0.2727272727272727,0.0,5.2490131855211235,0.6125,0.0,1.5,1.425,22.308306038464774,0.78,52.49013185521124,481.159542006103,2.5,62.98815822625348,2.09375,1.32,41.75351397573621,0.0,0.16,21.324116066179563
2013-05-01,14.43478626018309,0.25,0.12121212121212122,0.0,3.9367598891408426,0.4875,0.05,1.375,1.4,20.996052742084494,0.74,51.177878558830955,367.4309229864786,2.6785714285714284,62.98815822625348,2.03125,1.28,45.73003911628252,0.0,0.51,21.324116066179563
2013-06-01,14.43478626018309,0.25,0.12121212121212122,0.0,3.9367598891408426,0.5625,0.0,1.3125,1.375,24.932812631225335,0.78,51.177878558830955,314.9407911312674,2.25,57.73914504073236,1.5,1.16,43.74177654600936,0.0,0.31,21.324116066179563
2013-07-01,18.371546149323933,0.3333333333333333,0.15151515151515152,0.0,3.9367598891408426,0.6375,0.0,1.75,1.525,27.557319223985896,0.82,65.61266481901404,367.4309229864786,2.25,73.48618459729573,1.78125,1.44,33.8004636946436,0.0,0.31,26.24506592760562
2013-08-01,15.74703955656337,0.3333333333333333,0.24242424242424243,0.0,3.9367598891408426,0.625,0.07,1.8125,1.325,24.932812631225335,0.78,60.36365163349292,349.9342123680749,2.4642857142857144,62.98815822625348,1.71875,1.52,33.8004636946436,0.0,0.21,24.604749307130266
2013-09-01,18.371546149323933,0.3333333333333333,0.2727272727272727,0.0,6.561266481901405,0.7125,0.06,2.0625,1.6,28.86957252036618,0.76,72.17393130091546,411.172699532488,2.642857142857143,68.23717141177461,1.59375,2.68,33.8004636946436,0.0,0.26,26.24506592760562
2013-10-01,18.371546149323933,0.25,0.15151515151515152,0.0,3.9367598891408426,0.5375,0.05,1.875,1.35,23.620559334845055,0.66,53.802385151591515,341.185857058873,2.392857142857143,47.24111866969011,1.59375,1.84,65.61266481901404,0.0,0.37,24.604749307130266
2013-11-01,19.683799445704214,0.3333333333333333,0.21212121212121213,0.02,3.9367598891408426,0.4875,0.0,2.0,1.425,24.932812631225335,0.76,57.73914504073236,393.67598891408426,2.7857142857142856,47.24111866969011,1.3125,1.72,57.659614537921435,0.0,0.4,26.24506592760562
2013-12-01,15.74703955656337,0.25,0.21212121212121213,0.0,2.6245065927605618,0.5375,0.02,1.5,1.5,22.308306038464774,0.64,48.553371966070394,332.4375017496711,3.357142857142857,41.99210548416899,0.90625,1.4,23.859150843277835,0.0,0.25,24.604749307130266
2014-01-01,17.059292852943653,0.3333333333333333,0.36363636363636365,0.0,3.9367598891408426,0.5125,0.04,1.6875,1.55,23.620559334845055,0.68,49.86562526245067,332.4375017496711,2.7142857142857144,47.24111866969011,1.21875,1.52,35.78872626491675,0.0,0.28,26.24506592760562
2014-02-01,20.996052742084494,0.3333333333333333,0.3939393939393939,0.0,2.6245065927605618,0.5375,0.0,1.6875,1.475,28.86957252036618,0.74,51.177878558830955,314.9407911312674,2.7142857142857144,41.99210548416899,1.25,1.64,29.823938554097293,0.0,0.18,31.16601578903167
2014-03-01,17.059292852943653,0.25,0.15151515151515152,0.0,2.6245065927605618,0.55,0.02,1.75,1.4,20.996052742084494,0.64,44.61661207692955,306.19243582206553,2.5,36.743092298647866,1.0625,1.24,23.859150843277835,0.0,0.11,22.964432686654913
2014-04-01,17.059292852943653,0.25,0.12121212121212122,0.0,2.6245065927605618,0.4875,0.02,1.75,1.325,22.308306038464774,0.62,49.86562526245067,288.6957252036618,2.642857142857143,41.99210548416899,1.3125,1.44,25.847413413550985,0.0,0.17,24.604749307130266
2014-05-01,18.371546149323933,0.25,0.15151515151515152,0.0,3.9367598891408426,0.4,0.03,1.625,1.25,22.308306038464774,0.66,51.177878558830955,314.9407911312674,2.75,41.99210548416899,1.71875,1.4,27.83567598382414,0.0,0.18,26.24506592760562
2014-06-01,20.996052742084494,0.25,0.42424242424242425,0.0,3.9367598891408426,0.6,0.06,1.6875,1.275,24.932812631225335,0.66,57.73914504073236,297.44408051286365,2.25,41.99210548416899,1.46875,1.56,27.83567598382414,0.0,0.12,27.88538254808097
2014-07-01,20.996052742084494,0.25,0.2727272727272727,0.0,3.9367598891408426,0.5125,0.05,1.75,1.35,24.932812631225335,0.74,59.05139833711264,288.6957252036618,2.0357142857142856,52.49013185521124,1.375,1.64,37.776988835189904,0.0,0.15,27.88538254808097
2014-08-01,18.371546149323933,0.25,0.15151515151515152,0.0,3.9367598891408426,0.475,0.04,1.75,1.325,28.86957252036618,0.78,64.30041152263377,323.6891464404693,2.357142857142857,52.49013185521124,1.28125,2.0,45.73003911628252,0.24068571428571428,0.18,26.24506592760562
2014-09-01,20.996052742084494,0.3333333333333333,0.21212121212121213,0.0,3.9367598891408426,0.575,0.05,1.9375,1.425,28.86957252036618,0.82,69.54942470815489,367.4309229864786,2.857142857142857,52.49013185521124,1.34375,3.16,35.78872626491675,0.0,0.15,27.88538254808097
2014-10-01,19.683799445704214,0.25,0.18181818181818182,0.0,3.9367598891408426,0.4125,0.04,1.75,1.325,24.932812631225335,0.74,60.36365163349292,323.6891464404693,2.357142857142857,41.99210548416899,2.4375,2.24,55.67135196764828,0.0,0.19,27.88538254808097
2014-11-01,20.996052742084494,0.3333333333333333,0.36363636363636365,0.0,3.9367598891408426,0.4,0.05,1.6875,1.35,28.86957252036618,0.74,62.98815822625348,384.9276336048824,2.1785714285714284,36.743092298647866,1.9375,2.08,59.647877108194585,0.21394285714285713,0.21,29.52569916855632
2014-12-01,22.308306038464774,0.3333333333333333,0.21212121212121213,0.02,3.9367598891408426,0.4375,0.04,1.5625,1.525,27.557319223985896,0.64,60.36365163349292,349.9342123680749,2.5,36.743092298647866,2.25,2.08,45.73003911628252,0.0,0.19,36.08696565045773
2015-01-01,26.24506592760562,0.3333333333333333,0.21212121212121213,0.0,3.9367598891408426,0.4625,0.04,1.9375,1.525,27.557319223985896,0.62,56.426891744352076,349.9342123680749,2.2857142857142856,31.49407911312674,1.65625,1.88,47.71830168655567,0.1961142857142857,0.13,39.36759889140843
2015-02-01,24.932812631225335,0.3333333333333333,0.18181818181818182,0.0,3.9367598891408426,0.4375,0.06,2.1875,1.45,31.49407911312674,0.66,66.92491811539432,341.185857058873,2.5357142857142856,36.743092298647866,1.78125,1.84,49.70656425682882,0.18719999999999998,0.18,36.08696565045773
2015-03-01,20.996052742084494,0.25,0.30303030303030304,0.0,3.9367598891408426,0.425,0.04,1.8125,1.45,30.18182581674646,0.6,61.6759049298732,323.6891464404693,2.9285714285714284,36.743092298647866,1.75,1.92,49.70656425682882,0.16937142857142856,0.17,34.446649029982375
2015-04-01,20.996052742084494,0.3333333333333333,0.42424242424242425,0.0,3.9367598891408426,0.475,0.02,1.625,1.45,27.557319223985896,0.52,49.86562526245067,306.19243582206553,2.9642857142857144,31.49407911312674,1.4375,1.68,37.776988835189904,0.0,0.19,34.446649029982375
2015-05-01,22.308306038464774,0.3333333333333333,0.18181818181818182,0.0,3.9367598891408426,0.45,0.03,1.625,1.225,27.557319223985896,0.58,51.177878558830955,262.4506592760562,2.607142857142857,26.24506592760562,1.28125,1.64,27.83567598382414,0.0,0.12,36.08696565045773
2015-06-01,24.932812631225335,0.3333333333333333,0.2727272727272727,0.0,3.9367598891408426,0.6,0.04,1.6875,1.5,34.118585705887305,0.64,62.98815822625348,279.94736989445994,2.2857142857142856,31.49407911312674,1.9375,1.64,25.847413413550985,0.0,0.09,37.727282270933074
2015-07-01,24.932812631225335,0.25,0.2727272727272727,0.0,3.9367598891408426,0.4875,0.05,1.8125,1.45,32.80633240950702,0.64,66.92491811539432,297.44408051286365,2.107142857142857,31.49407911312674,1.71875,1.88,33.8004636946436,0.0,0.11,34.446649029982375
2015-08-01,24.932812631225335,0.25,0.30303030303030304,0.0,3.9367598891408426,0.5,0.04,1.6875,1.475,36.743092298647866,0.6,64.30041152263377,297.44408051286365,2.2142857142857144,36.743092298647866,1.46875,2.64,29.823938554097293,0.22285714285714286,0.09,31.16601578903167
2015-09-01,20.996052742084494,0.4166666666666667,0.30303030303030304,0.0,3.9367598891408426,0.425,0.04,1.5,1.225,34.118585705887305,0.56,59.05139833711264,279.94736989445994,1.9642857142857142,26.24506592760562,1.21875,2.04,19.882625702731527,0.0,0.17,34.446649029982375
2015-10-01,22.308306038464774,0.3333333333333333,0.21212121212121213,0.02,9.185773074661967,0.4375,0.03,1.4375,1.4,36.743092298647866,0.58,61.6759049298732,332.4375017496711,2.3214285714285716,26.24506592760562,1.5,2.44,19.882625702731527,0.0,0.11,37.727282270933074
2015-11-01,27.557319223985896,0.3333333333333333,0.24242424242424243,0.0,5.2490131855211235,0.4,0.06,2.25,1.475,35.43083900226758,0.54,59.05139833711264,314.9407911312674,2.25,26.24506592760562,1.15625,2.48,23.859150843277835,0.22285714285714286,0.15,39.36759889140843
2015-12-01,31.49407911312674,0.3333333333333333,0.24242424242424243,0.02,3.9367598891408426,0.425,0.05,2.25,1.525,31.49407911312674,0.56,53.802385151591515,288.6957252036618,2.1785714285714284,20.996052742084494,1.4375,2.04,29.823938554097293,0.2496,0.14,41.00791551188378
2016-01-01,47.24111866969011,0.4166666666666667,0.42424242424242425,0.0,3.9367598891408426,0.2625,0.04,1.9375,1.525,34.118585705887305,0.5,51.177878558830955,253.7023039668543,2.107142857142857,20.996052742084494,1.25,2.28,25.847413413550985,0.2496,0.12,62.33203157806334
2016-02-01,44.61661207692955,0.4166666666666667,0.3333333333333333,0.0,3.9367598891408426,0.2625,0.05,2.3125,1.725,38.05534559502814,0.52,62.98815822625348,288.6957252036618,2.0,20.996052742084494,1.21875,2.36,23.859150843277835,0.25851428571428575,0.15,59.05139833711264
2016-03-01,41.99210548416899,0.3333333333333333,0.24242424242424243,0.0,3.9367598891408426,0.225,0.05,2.375,1.575,36.743092298647866,0.52,53.802385151591515,288.6957252036618,2.2142857142857144,20.996052742084494,1.3125,2.16,19.882625702731527,0.22285714285714286,0.12,54.130448475686585
2016-04-01,39.36759889140843,0.25,0.18181818181818182,0.0,2.6245065927605618,0.2375,0.02,1.5625,1.6,32.80633240950702,0.54,45.928865373309826,271.19901458525806,2.5714285714285716,20.996052742084494,1.46875,2.16,23.859150843277835,0.0,0.1,54.130448475686585
2016-05-01,34.118585705887305,0.3333333333333333,0.21212121212121213,0.0,3.9367598891408426,0.2625,0.05,1.5625,1.725,35.43083900226758,0.52,53.802385151591515,279.94736989445994,2.9642857142857144,15.74703955656337,2.03125,2.84,17.894363132458373,0.0,0.1,45.928865373309826
2016-06-01,36.743092298647866,0.3333333333333333,0.42424242424242425,0.0,3.9367598891408426,0.3125,0.05,1.9375,1.5,39.36759889140843,0.54,62.98815822625348,262.4506592760562,2.25,20.996052742084494,1.8125,2.28,25.847413413550985,0.1961142857142857,0.11,50.849815234735885
2016-07-01,38.05534559502814,0.3333333333333333,0.42424242424242425,0.0,7.873519778281685,0.2625,0.04,1.5,1.275,40.679852187788704,0.52,69.54942470815489,262.4506592760562,2.0714285714285716,20.996052742084494,1.46875,2.36,75.55397767037981,0.0,0.18,47.56918199378518
2016-08-01,47.24111866969011,0.4166666666666667,0.36363636363636365,0.0,10.498026371042247,0.325,0.03,1.5,1.55,45.928865373309826,0.58,90.54547745023937,314.9407911312674,2.2142857142857144,20.996052742084494,2.15625,3.32,198.82625702731528,0.23177142857142857,0.33,59.05139833711264
2016-09-01,41.99210548416899,0.4166666666666667,0.3333333333333333,0.03,6.561266481901405,0.3625,0.06,1.1875,1.425,44.61661207692955,0.52,78.73519778281685,306.19243582206553,1.8928571428571428,20.996052742084494,2.75,3.44,115.31922907584287,0.0,0.2,52.49013185521124
2016-10-01,45.928865373309826,0.4166666666666667,0.3333333333333333,0.0,5.2490131855211235,0.2875,0.06,2.0625,1.575,47.24111866969011,0.58,76.11069119005629,314.9407911312674,3.2142857142857144,20.996052742084494,2.75,3.84,69.58918995956034,0.23177142857142857,0.15,60.69171495758799
2016-11-01,40.679852187788704,0.3333333333333333,0.3939393939393939,0.0,5.2490131855211235,0.275,0.05,1.9375,1.5,44.61661207692955,0.56,68.23717141177461,279.94736989445994,2.0357142857142856,15.74703955656337,2.25,4.0,79.53050281092611,0.0,0.14,54.130448475686585
2016-12-01,44.61661207692955,0.3333333333333333,0.24242424242424243,0.0,7.873519778281685,0.3375,0.05,1.5625,1.5,39.36759889140843,0.54,61.6759049298732,262.4506592760562,2.107142857142857,15.74703955656337,2.4375,2.96,109.3544413650234,0.20502857142857142,0.2,55.77076509616194
2017-01-01,44.61661207692955,0.4166666666666667,0.30303030303030304,0.0,6.561266481901405,0.3375,0.06,2.25,1.825,40.679852187788704,0.54,70.86167800453516,323.6891464404693,2.0357142857142856,15.74703955656337,2.6875,2.64,103.38965365420394,0.27634285714285717,0.15,60.69171495758799
2017-02-01,44.61661207692955,0.5,0.30303030303030304,0.0,6.561266481901405,0.275,0.06,2.875,1.675,44.61661207692955,0.58,83.98421096833798,358.6825676772768,2.0714285714285716,20.996052742084494,2.5,3.28,121.28401678666232,0.3209142857142857,0.18,55.77076509616194
2017-03-01,35.43083900226758,0.4166666666666667,0.30303030303030304,0.0,7.873519778281685,0.2625,0.06,2.625,1.6,40.679852187788704,0.6,64.30041152263377,402.42434422328614,2.25,15.74703955656337,2.75,2.68,57.659614537921435,0.1961142857142857,0.13,54.130448475686585
2017-04-01,32.80633240950702,0.3333333333333333,0.3939393939393939,0.0,3.9367598891408426,0.2625,0.05,1.9375,1.4,32.80633240950702,0.46,55.11463844797179,279.94736989445994,2.357142857142857,15.74703955656337,2.25,1.96,87.48355309201872,0.23177142857142857,0.13,47.56918199378518
2017-05-01,34.118585705887305,0.25,0.24242424242424243,0.0,7.873519778281685,0.4625,0.05,1.625,1.55,36.743092298647866,0.52,59.05139833711264,297.44408051286365,2.0,15.74703955656337,2.65625,2.0,87.48355309201872,0.2852571428571428,0.14,45.928865373309826
2017-06-01,38.05534559502814,0.3333333333333333,0.30303030303030304,0.0,6.561266481901405,0.5375,0.03,2.125,1.625,40.679852187788704,0.46,70.86167800453516,262.4506592760562,1.7142857142857142,20.996052742084494,2.40625,1.88,63.62440224874089,0.0,0.11,47.56918199378518
2017-07-01,34.118585705887305,0.3333333333333333,0.2727272727272727,0.0,3.9367598891408426,0.375,0.04,2.5625,1.6,45.928865373309826,0.58,74.79843789367601,297.44408051286365,2.1785714285714284,20.996052742084494,3.03125,2.88,57.659614537921435,0.2674285714285714,0.13,49.20949861426053
2017-08-01,38.05534559502814,0.3333333333333333,0.30303030303030304,0.0,5.2490131855211235,0.425,0.03,2.6875,1.5,40.679852187788704,0.48,66.92491811539432,253.7023039668543,1.8571428571428572,20.996052742084494,1.84375,3.44,51.69482682710197,0.0,0.13,49.20949861426053
2017-09-01,36.743092298647866,0.3333333333333333,0.3333333333333333,0.0,9.185773074661967,0.3875,0.03,2.75,1.55,45.928865373309826,0.5,72.17393130091546,306.19243582206553,2.2142857142857144,20.996052742084494,1.71875,3.32,45.73003911628252,0.24068571428571428,0.13,45.928865373309826
2017-10-01,40.679852187788704,0.3333333333333333,0.24242424242424243,0.0,6.561266481901405,0.4,0.05,2.0,1.825,43.30435878054927,0.54,65.61266481901404,306.19243582206553,2.1785714285714284,20.996052742084494,1.96875,2.76,51.69482682710197,0.0,0.24,50.849815234735885
2017-11-01,36.743092298647866,0.3333333333333333,0.3333333333333333,0.0,3.9367598891408426,0.35,0.03,2.625,1.55,38.05534559502814,0.54,53.802385151591515,271.19901458525806,2.0357142857142856,20.996052742084494,2.53125,2.48,59.647877108194585,0.18719999999999998,0.17,47.56918199378518
2017-12-01,35.43083900226758,0.3333333333333333,0.30303030303030304,0.0,3.9367598891408426,0.325,0.04,2.4375,1.7,34.118585705887305,0.48,51.177878558830955,244.95394865765243,1.9285714285714286,15.74703955656337,2.21875,2.32,61.63613967846774,0.16045714285714285,0.15,47.56918199378518
2018-01-01,51.177878558830955,0.4166666666666667,0.42424242424242425,0.0,3.9367598891408426,0.4625,0.03,3.4375,1.95,38.05534559502814,0.48,56.426891744352076,271.19901458525806,2.107142857142857,15.74703955656337,2.3125,2.28,55.67135196764828,0.2496,0.12,60.69171495758799
2018-02-01,44.61661207692955,0.25,0.30303030303030304,0.02,5.2490131855211235,0.4125,0.05,3.125,1.825,38.05534559502814,0.56,59.05139833711264,271.19901458525806,1.9642857142857142,15.74703955656337,1.96875,2.12,79.53050281092611,0.0,0.12,52.49013185521124
2018-03-01,34.118585705887305,0.25,0.2727272727272727,0.0,3.9367598891408426,0.375,0.03,2.6875,1.8,34.118585705887305,0.5,51.177878558830955,271.19901458525806,2.0357142857142856,15.74703955656337,2.4375,2.0,63.62440224874089,0.0,0.09,47.56918199378518
2018-04-01,34.118585705887305,0.25,0.2727272727272727,0.0,5.2490131855211235,0.4375,0.04,2.1875,1.825,31.49407911312674,0.5,48.553371966070394,288.6957252036618,2.2857142857142856,15.74703955656337,3.125,1.76,49.70656425682882,0.0,0.12,44.28854875283448
2018-05-01,34.118585705887305,0.3333333333333333,0.30303030303030304,0.0,5.2490131855211235,0.3875,0.04,2.5625,1.825,31.49407911312674,0.5,53.802385151591515,279.94736989445994,2.4285714285714284,15.74703955656337,1.9375,1.8,71.5774525298335,0.18719999999999998,0.12,49.20949861426053
2018-06-01,36.743092298647866,0.3333333333333333,0.30303030303030304,0.0,7.873519778281685,0.4125,0.04,2.3125,1.75,38.05534559502814,0.5,62.98815822625348,288.6957252036618,2.107142857142857,15.74703955656337,2.3125,1.8,45.73003911628252,0.5526857142857143,0.11,49.20949861426053
2018-07-01,41.99210548416899,0.3333333333333333,0.3939393939393939,0.0,7.873519778281685,0.4625,0.04,3.5,2.025,44.61661207692955,0.62,66.92491811539432,349.9342123680749,3.2142857142857144,15.74703955656337,2.9375,2.16,57.659614537921435,0.36548571428571425,0.16,54.130448475686585
2018-08-01,44.61661207692955,0.3333333333333333,0.45454545454545453,0.02,7.873519778281685,0.3375,0.04,2.6875,1.625,38.05534559502814,0.5,60.36365163349292,332.4375017496711,1.8928571428571428,10.498026371042247,2.21875,2.44,41.75351397573621,0.18719999999999998,0.22,57.411081716637284
2018-09-01,55.11463844797179,0.4166666666666667,0.48484848484848486,0.02,24.932812631225335,0.3875,0.07,3.375,2.15,49.86562526245067,0.66,86.60871756109854,717.3651353545536,2.4285714285714284,15.74703955656337,3.09375,3.72,63.62440224874089,0.2496,0.39,67.25298143948939
2018-10-01,51.177878558830955,0.4166666666666667,0.48484848484848486,0.0,11.810279667422527,0.375,0.15,2.6875,2.125,52.49013185521124,0.62,72.17393130091546,498.6562526245067,2.25,15.74703955656337,2.53125,3.08,51.69482682710197,0.21394285714285713,0.24,67.25298143948939
2018-11-01,56.426891744352076,0.4166666666666667,0.5757575757575758,0.0,9.185773074661967,0.3375,0.09,2.75,1.925,45.928865373309826,0.56,70.86167800453516,428.66941015089174,2.3214285714285716,20.996052742084494,2.09375,2.76,67.6009273892872,0.42788571428571426,0.38,73.8142479213908
2018-12-01,74.79843789367601,0.5,0.6666666666666666,0.0,17.059292852943653,0.3,0.05,2.9375,1.975,48.553371966070394,0.52,74.79843789367601,463.6628313876992,2.2857142857142856,26.24506592760562,2.5,2.6,89.47181566229187,0.30308571428571424,0.32,93.49804736709501
2019-01-01,85.29646426471825,0.5833333333333334,0.7575757575757576,0.0,17.059292852943653,0.375,0.06,5.375,2.5,55.11463844797179,0.52,70.86167800453516,629.8815822625348,2.2857142857142856,31.49407911312674,2.875,2.36,73.56571510010664,0.6061714285714285,0.35,106.62058033089782
2019-02-01,64.30041152263377,0.5,0.5757575757575758,0.0,19.683799445704214,0.4125,0.13,3.875,2.225,55.11463844797179,0.6,74.79843789367601,717.3651353545536,2.4642857142857144,31.49407911312674,2.28125,2.28,79.53050281092611,0.5705142857142856,0.37,80.37551440329221
2019-03-01,49.86562526245067,0.4166666666666667,0.48484848484848486,0.0,11.810279667422527,0.3625,0.07,2.6875,1.8,47.24111866969011,0.56,62.98815822625348,516.1529632429105,2.25,26.24506592760562,2.40625,2.08,81.51876538119926,0.3209142857142857,0.27,67.25298143948939
2019-04-01,44.61661207692955,0.4166666666666667,0.3333333333333333,0.0,9.185773074661967,0.3625,0.06,3.0625,1.725,43.30435878054927,0.46,57.73914504073236,463.6628313876992,2.392857142857143,15.74703955656337,2.28125,1.76,57.659614537921435,0.2496,0.23,62.33203157806334
2019-05-01,60.36365163349292,0.5,0.42424242424242425,0.0,10.498026371042247,0.35,0.04,2.875,1.925,49.86562526245067,0.6,56.426891744352076,446.1661207692955,2.1785714285714284,15.74703955656337,2.09375,1.64,51.69482682710197,0.34765714285714283,0.19,78.73519778281685
2019-06-01,51.177878558830955,0.4166666666666667,0.7272727272727273,0.0,32.80633240950702,0.425,0.03,2.4375,1.85,52.49013185521124,0.62,78.73519778281685,533.6496738613142,2.2142857142857144,15.74703955656337,2.53125,2.0,41.75351397573621,0.0,0.2,65.61266481901404
2019-07-01,52.49013185521124,0.5,0.5757575757575758,0.02,14.43478626018309,0.45,0.06,3.75,2.1,56.426891744352076,0.58,80.04745107919713,516.1529632429105,2.5714285714285716,20.996052742084494,2.71875,2.24,45.73003911628252,0.312,0.18,68.89329805996475
2019-08-01,41.99210548416899,0.4166666666666667,0.36363636363636365,0.02,9.185773074661967,0.375,0.04,2.9375,1.65,45.928865373309826,0.56,65.61266481901404,393.67598891408426,1.9642857142857142,20.996052742084494,2.25,2.12,41.75351397573621,0.2674285714285714,0.28,55.77076509616194
2019-09-01,48.553371966070394,0.5,0.6363636363636364,0.0,17.059292852943653,0.45,0.04,2.75,1.925,61.6759049298732,0.62,83.98421096833798,586.1398057165254,2.4642857142857144,20.996052742084494,2.78125,2.56,49.70656425682882,0.2674285714285714,0.44,60.69171495758799
2019-10-01,47.24111866969011,0.5,0.6363636363636364,0.02,9.185773074661967,0.4,0.04,2.8125,1.75,53.802385151591515,0.52,68.23717141177461,472.4111866969011,2.2857142857142856,15.74703955656337,2.28125,2.64,39.765251405463054,0.37439999999999996,0.28,62.33203157806334
2019-11-01,44.61661207692955,0.5,0.3939393939393939,0.0,7.873519778281685,0.3625,0.05,2.6875,1.625,49.86562526245067,0.54,56.426891744352076,446.1661207692955,2.107142857142857,15.74703955656337,1.875,2.4,39.765251405463054,0.312,0.25,59.05139833711264
2019-12-01,48.553371966070394,0.5,0.3939393939393939,0.02,7.873519778281685,0.375,0.04,2.625,1.7,47.24111866969011,0.48,56.426891744352076,402.42434422328614,2.2142857142857144,15.74703955656337,1.71875,2.12,35.78872626491675,0.27634285714285717,0.2,62.33203157806334
2020-01-01,51.177878558830955,0.5,0.6363636363636364,0.0,6.561266481901405,0.3875,0.04,3.4375,1.85,48.553371966070394,0.5,56.426891744352076,384.9276336048824,2.0714285714285716,15.74703955656337,1.6875,2.0,33.8004636946436,0.0,0.25,63.97234819853869
2020-02-01,41.99210548416899,0.4166666666666667,0.36363636363636365,0.0,6.561266481901405,0.3375,0.03,2.4375,1.675,44.61661207692955,0.54,55.11463844797179,367.4309229864786,1.9642857142857142,10.498026371042247,1.8125,1.76,29.823938554097293,0.312,0.19,54.130448475686585
2020-03-01,72.17393130091546,2.0,1.303030303030303,0.04,59.05139833711264,0.4375,0.04,1.8125,1.475,32.80633240950702,0.42,55.11463844797179,866.0871756109854,2.0,10.498026371042247,0.75,1.2,29.823938554097293,0.2941714285714286,0.42,103.33994708994712
2020-04-01,90.54547745023937,8.333333333333334,3.0303030303030303,0.14,36.743092298647866,0.325,0.03,1.1875,0.775,17.059292852943653,0.3,40.679852187788704,726.1134906637554,2.2857142857142856,5.2490131855211235,0.46875,0.72,25.847413413550985,0.0,0.24,164.03166204753512
2020-05-01,44.61661207692955,6.416666666666667,0.7878787878787878,0.09,11.810279667422527,0.1875,0.02,1.1875,0.725,28.86957252036618,0.3,45.928865373309826,481.159542006103,2.0714285714285716,5.2490131855211235,0.625,0.8,25.847413413550985,0.24068571428571428,0.17,98.41899722852106
2020-06-01,36.743092298647866,3.8333333333333335,0.5757575757575758,0.03,15.74703955656337,0.375,0.02,2.875,1.4,43.30435878054927,0.48,68.23717141177461,516.1529632429105,2.4285714285714284,10.498026371042247,1.3125,1.36,31.812201124370446,0.2496,0.26,78.73519778281685
2020-07-01,38.05534559502814,3.5833333333333335,0.5151515151515151,0.03,11.810279667422527,0.4,0.03,2.8125,1.35,44.61661207692955,0.48,65.61266481901404,489.90789731530487,1.9642857142857142,10.498026371042247,1.75,1.32,31.812201124370446,0.6864,0.22,73.8142479213908
2020-08-01,27.557319223985896,2.25,0.42424242424242425,0.04,13.12253296380281,0.4125,0.02,1.9375,1.25,52.49013185521124,0.54,59.05139833711264,428.66941015089174,2.0,15.74703955656337,1.3125,1.68,29.823938554097293,0.4546285714285714,0.26,50.849815234735885
2020-09-01,28.86957252036618,1.8333333333333333,0.42424242424242425,0.02,15.74703955656337,0.4125,0.02,2.3125,1.275,38.05534559502814,0.46,70.86167800453516,472.4111866969011,1.8928571428571428,15.74703955656337,1.84375,2.12,29.823938554097293,0.18719999999999998,0.24,47.56918199378518
2020-10-01,26.24506592760562,1.8333333333333333,0.36363636363636365,0.03,7.873519778281685,0.3875,0.02,2.1875,1.15,32.80633240950702,0.48,62.98815822625348,367.4309229864786,1.6428571428571428,10.498026371042247,1.34375,1.76,35.78872626491675,0.23177142857142857,0.13,44.28854875283448
2020-11-01,27.557319223985896,1.5833333333333333,0.42424242424242425,0.04,6.561266481901405,0.35,0.02,1.9375,0.975,27.557319223985896,0.36,57.73914504073236,314.9407911312674,2.0,10.498026371042247,1.25,1.52,41.75351397573621,0.0,0.14,42.64823213235913
2020-12-01,31.49407911312674,2.0,0.5757575757575758,0.05,10.498026371042247,0.375,0.02,2.0625,1.0,23.620559334845055,0.4,62.98815822625348,349.9342123680749,1.7857142857142858,10.498026371042247,1.53125,1.44,77.54224024065296,0.0,0.15,52.49013185521124
2021-01-01,32.80633240950702,1.8333333333333333,0.5454545454545454,0.04,9.185773074661967,0.3375,0.03,2.5,1.225,27.557319223985896,0.42,66.92491811539432,358.6825676772768,2.2857142857142856,10.498026371042247,1.59375,1.28,101.40139108393079,0.27634285714285717,0.24,54.130448475686585
2021-02-01,31.49407911312674,1.6666666666666667,0.45454545454545453,0.03,6.561266481901405,0.375,0.02,2.5,1.25,26.24506592760562,0.44,65.61266481901404,314.9407911312674,1.8928571428571428,10.498026371042247,1.625,1.36,45.73003911628252,0.24068571428571428,0.25,45.928865373309826
2021-03-01,28.86957252036618,1.75,0.3939393939393939,0.02,7.873519778281685,0.35,0.02,2.5625,1.275,26.24506592760562,0.5,72.17393130091546,376.1792782956805,1.9642857142857142,10.498026371042247,1.84375,1.28,45.73003911628252,0.27634285714285717,0.17,45.928865373309826
2021-04-01,27.557319223985896,1.5833333333333333,0.48484848484848486,0.03,3.9367598891408426,0.425,0.02,2.1875,1.025,20.996052742084494,0.46,53.802385151591515,271.19901458525806,1.8571428571428572,10.498026371042247,1.46875,1.12,29.823938554097293,0.15154285714285712,0.14,45.928865373309826
2021-05-01,26.24506592760562,1.4166666666666667,0.45454545454545453,0.03,5.2490131855211235,0.3,0.0,2.0625,1.0,20.996052742084494,0.42,52.49013185521124,244.95394865765243,1.7857142857142858,10.498026371042247,1.71875,1.04,23.859150843277835,0.25851428571428575,0.12,45.928865373309826
2021-06-01,32.80633240950702,1.4166666666666667,0.48484848484848486,0.0,9.185773074661967,0.475,0.03,3.0,1.575,30.18182581674646,0.64,72.17393130091546,376.1792782956805,2.0357142857142856,10.498026371042247,1.8125,1.52,29.823938554097293,0.5259428571428572,0.17,52.49013185521124
2021-07-01,48.553371966070394,1.75,0.8484848484848485,0.03,9.185773074661967,0.5625,0.03,4.0,1.95,26.24506592760562,0.58,66.92491811539432,393.67598891408426,1.6071428571428572,10.498026371042247,1.875,1.52,31.812201124370446,0.8914285714285715,0.17,67.25298143948939
2021-08-01,41.99210548416899,1.0833333333333333,0.5454545454545454,0.02,18.371546149323933,0.3875,0.04,2.75,1.675,31.49407911312674,0.58,82.6719576719577,577.3914504073236,2.0,10.498026371042247,1.8125,1.92,35.78872626491675,0.22285714285714286,0.35,54.130448475686585
2021-09-01,35.43083900226758,0.8333333333333334,0.5151515151515151,0.02,15.74703955656337,0.4125,0.04,2.9375,1.65,30.18182581674646,0.62,73.48618459729573,516.1529632429105,1.8571428571428572,10.498026371042247,1.875,2.28,29.823938554097293,0.3387428571428571,0.34,50.849815234735885
2021-10-01,32.80633240950702,0.5833333333333334,0.42424242424242425,0.0,6.561266481901405,0.3875,0.03,2.375,1.425,26.24506592760562,0.54,61.6759049298732,323.6891464404693,1.8571428571428572,10.498026371042247,1.59375,2.2,25.847413413550985,0.34765714285714283,0.16,44.28854875283448
2021-11-01,28.86957252036618,0.5833333333333334,0.42424242424242425,0.02,5.2490131855211235,0.35,0.03,2.3125,1.375,24.932812631225335,0.48,52.49013185521124,279.94736989445994,1.75,10.498026371042247,1.53125,1.72,23.859150843277835,0.24068571428571428,0.18,41.00791551188378
2021-12-01,43.30435878054927,0.6666666666666666,0.45454545454545453,0.02,5.2490131855211235,0.325,0.05,2.9375,1.425,20.996052742084494,0.44,52.49013185521124,271.19901458525806,1.6428571428571428,5.2490131855211235,1.0625,1.44,27.83567598382414,0.24068571428571428,0.21,55.77076509616194
2022-01-01,51.177878558830955,1.0,0.5151515151515151,0.03,6.561266481901405,0.3375,0.04,3.6875,1.825,26.24506592760562,0.58,64.30041152263377,297.44408051286365,1.9285714285714286,5.2490131855211235,1.65625,1.64,31.812201124370446,0.30308571428571424,0.25,67.25298143948939
2022-02-01,48.553371966070394,0.8333333333333334,0.48484848484848486,0.02,9.185773074661967,0.35,0.05,3.0625,1.7,31.49407911312674,0.62,68.23717141177461,332.4375017496711,1.8928571428571428,10.498026371042247,1.84375,1.68,29.823938554097293,0.22285714285714286,0.21,60.69171495758799
2022-03-01,41.99210548416899,0.5833333333333334,0.3939393939393939,0.02,35.43083900226758,0.3,0.04,2.625,1.75,30.18182581674646,0.7,82.6719576719577,874.8355309201872,2.0357142857142856,10.498026371042247,1.875,1.52,27.83567598382414,0.41005714285714284,0.41,55.77076509616194
2022-04-01,39.36759889140843,0.6666666666666666,0.3939393939393939,0.02,13.12253296380281,0.3,0.03,2.3125,1.55,26.24506592760562,0.66,60.36365163349292,489.90789731530487,2.0,10.498026371042247,1.65625,1.32,21.87088827300468,0.3209142857142857,0.25,54.130448475686585
2022-05-01,38.05534559502814,0.5,0.3333333333333333,0.02,5.2490131855211235,0.275,0.03,2.375,1.425,27.557319223985896,0.68,59.05139833711264,271.19901458525806,1.7857142857142858,5.2490131855211235,1.9375,1.56,17.894363132458373,0.3298285714285714,0.16,45.928865373309826
2022-06-01,40.679852187788704,0.5833333333333334,0.42424242424242425,0.0,6.561266481901405,0.325,0.04,3.0,1.625,32.80633240950702,0.76,78.73519778281685,279.94736989445994,1.8928571428571428,10.498026371042247,1.71875,1.64,21.87088827300468,0.35657142857142854,0.18,54.130448475686585
2022-07-01,49.86562526245067,0.75,0.5151515151515151,0.02,7.873519778281685,0.3,0.04,3.75,1.55,30.18182581674646,0.64,82.6719576719577,288.6957252036618,1.7857142857142858,10.498026371042247,1.9375,1.48,25.847413413550985,0.4902857142857142,0.2,62.33203157806334
2022-08-01,45.928865373309826,0.5833333333333334,0.45454545454545453,0.02,15.74703955656337,0.3625,0.04,3.4375,1.8,30.18182581674646,0.7,74.79843789367601,446.1661207692955,1.75,10.498026371042247,2.34375,1.8,19.882625702731527,0.3387428571428571,0.26,57.411081716637284
2022-09-01,41.99210548416899,0.6666666666666666,0.48484848484848486,0.02,11.810279667422527,0.35,0.04,2.5625,1.65,31.49407911312674,0.68,78.73519778281685,393.67598891408426,1.7142857142857142,10.498026371042247,1.65625,2.32,25.847413413550985,0.41897142857142855,0.29,54.130448475686585
2022-10-01,40.679852187788704,0.5833333333333334,0.42424242424242425,0.01,7.873519778281685,0.2875,0.03,2.75,1.575,30.18182581674646,0.58,78.73519778281685,323.6891464404693,1.7142857142857142,10.498026371042247,1.5,1.48,35.78872626491675,0.36548571428571425,0.25,50.849815234735885
2022-11-01,38.05534559502814,0.5833333333333334,0.42424242424242425,0.02,26.24506592760562,0.2625,0.05,2.8125,1.7,27.557319223985896,0.54,70.86167800453516,629.8815822625348,1.6428571428571428,10.498026371042247,1.625,1.4,53.68308939737513,0.40114285714285713,0.39,47.56918199378518
2022-12-01,49.86562526245067,0.5833333333333334,0.48484848484848486,0.02,17.059292852943653,0.3,0.05,4.25,1.9,27.557319223985896,0.58,65.61266481901404,594.8881610257273,1.9285714285714286,5.2490131855211235,1.625,1.32,53.68308939737513,0.5348571428571428,0.35,65.61266481901404
2023-01-01,57.73914504073236,0.75,0.5454545454545454,0.03,11.810279667422527,0.3625,0.05,6.25,2.125,32.80633240950702,0.62,68.23717141177461,402.42434422328614,1.8214285714285714,10.498026371042247,1.78125,1.36,37.776988835189904,0.312,0.24,70.5336146804401
2023-02-01,48.553371966070394,0.75,0.42424242424242425,0.02,7.873519778281685,0.325,0.04,2.9375,1.575,31.49407911312674,0.66,72.17393130091546,306.19243582206553,1.7142857142857142,10.498026371042247,1.15625,1.0,25.847413413550985,0.18719999999999998,0.17,52.49013185521124
2023-03-01,41.99210548416899,0.75,0.42424242424242425,0.03,15.74703955656337,0.6625,0.04,5.6875,2.125,31.49407911312674,0.62,65.61266481901404,463.6628313876992,1.8214285714285714,10.498026371042247,1.53125,1.16,25.847413413550985,0.48137142857142856,0.2,55.77076509616194
2023-04-01,36.743092298647866,0.6666666666666666,0.3939393939393939,0.02,11.810279667422527,0.35,0.03,2.6875,1.425,27.557319223985896,0.64,60.36365163349292,384.9276336048824,1.7142857142857142,5.2490131855211235,2.25,1.12,25.847413413550985,0.3298285714285714,0.2,49.20949861426053
2023-05-01,39.36759889140843,0.5833333333333334,0.45454545454545453,0.02,10.498026371042247,0.3375,0.04,2.3125,1.45,28.86957252036618,0.74,65.61266481901404,323.6891464404693,2.107142857142857,5.2490131855211235,1.5625,1.28,23.859150843277835,0.312,0.19,50.849815234735885
2023-06-01,44.61661207692955,0.6666666666666666,0.45454545454545453,0.02,5.2490131855211235,0.2875,0.04,2.625,1.575,30.18182581674646,0.74,64.30041152263377,227.4572380392487,2.142857142857143,5.2490131855211235,1.9375,1.12,15.906100562185223,0.18719999999999998,0.17,60.69171495758799
2023-07-01,48.553371966070394,0.75,0.5454545454545454,0.02,6.561266481901405,0.3125,0.04,3.375,1.8,35.43083900226758,0.82,74.79843789367601,253.7023039668543,1.7142857142857142,10.498026371042247,2.0625,1.4,21.87088827300468,0.30308571428571424,0.16,62.33203157806334
2023-08-01,44.61661207692955,0.6666666666666666,0.5454545454545454,0.0,11.810279667422527,0.325,0.05,2.875,1.925,35.43083900226758,0.82,69.54942470815489,297.44408051286365,1.6428571428571428,10.498026371042247,1.71875,1.52,25.847413413550985,0.2496,0.28,54.130448475686585
2023-09-01,45.928865373309826,0.6666666666666666,0.5454545454545454,0.0,9.185773074661967,0.35,0.04,2.5625,1.8,34.118585705887305,0.78,64.30041152263377,288.6957252036618,1.6428571428571428,10.498026371042247,1.625,1.96,27.83567598382414,0.23177142857142857,0.29,54.130448475686585
2023-10-01,43.30435878054927,0.5833333333333334,0.5151515151515151,0.03,5.2490131855211235,0.325,0.04,2.375,1.625,30.18182581674646,0.72,56.426891744352076,209.96052742084495,1.6785714285714286,5.2490131855211235,1.34375,1.24,29.823938554097293,0.2852571428571428,0.22,52.49013185521124
2023-11-01,38.05534559502814,0.5833333333333334,0.5151515151515151,0.02,7.873519778281685,0.3125,0.04,2.125,1.575,28.86957252036618,0.66,47.24111866969011,244.95394865765243,1.6785714285714286,5.2490131855211235,1.15625,1.2,21.87088827300468,0.15154285714285712,0.22,50.849815234735885
2023-12-01,45.928865373309826,0.5833333333333334,0.45454545454545453,0.02,5.2490131855211235,0.2875,0.05,2.5,1.75,27.557319223985896,0.66,43.30435878054927,201.21217211164307,1.6785714285714286,5.2490131855211235,1.1875,1.08,25.847413413550985,0.2496,0.19,60.69171495758799
2024-01-01,55.11463844797179,0.75,0.5757575757575758,0.03,5.2490131855211235,0.3125,0.06,4.25,2.1,30.18182581674646,0.74,48.553371966070394,209.96052742084495,1.7857142857142858,5.2490131855211235,1.4375,1.24,27.83567598382414,0.20502857142857142,0.24,70.5336146804401
2024-02-01,47.24111866969011,0.75,0.45454545454545453,0.02,18.371546149323933,0.3625,0.05,3.5625,2.125,32.80633240950702,0.94,53.802385151591515,507.4046079337086,1.8214285714285714,5.2490131855211235,1.40625,1.2,25.847413413550985,0.16937142857142856,0.27,59.05139833711264
2024-03-01,36.743092298647866,0.5833333333333334,0.42424242424242425,0.0,7.873519778281685,0.3125,0.04,2.5625,1.775,26.24506592760562,0.7,44.61661207692955,297.44408051286365,1.6071428571428572,5.2490131855211235,1.3125,1.08,17.894363132458373,0.21394285714285713,0.16,49.20949861426053
2024-04-01,35.43083900226758,0.5833333333333334,0.3939393939393939,0.0,9.185773074661967,0.3,0.04,2.625,1.775,26.24506592760562,0.68,44.61661207692955,253.7023039668543,1.6071428571428572,5.2490131855211235,1.0625,1.08,17.894363132458373,0.3833142857142857,0.17,50.849815234735885
2024-05-01,41.99210548416899,0.6666666666666666,0.45454545454545453,0.0,5.2490131855211235,0.3,0.05,3.0625,2.0,35.43083900226758,0.84,49.86562526245067,209.96052742084495,1.8571428571428572,5.2490131855211235,1.9375,1.32,17.894363132458373,0.41005714285714284,0.16,55.77076509616194
2024-06-01,43.30435878054927,0.6666666666666666,0.5757575757575758,0.02,3.9367598891408426,0.325,0.04,2.875,1.9,35.43083900226758,0.82,56.426891744352076,183.7154614932393,1.5357142857142858,5.2490131855211235,1.59375,1.2,17.894363132458373,0.0,0.14,55.77076509616194
2024-07-01,47.24111866969011,0.75,0.6060606060606061,0.02,5.2490131855211235,0.4,0.07,3.9375,2.4,44.61661207692955,1.0,69.54942470815489,236.20559334845055,1.7142857142857142,10.498026371042247,1.90625,1.64,23.859150843277835,0.20502857142857142,0.2,60.69171495758799
2024-08-01,41.99210548416899,0.6666666666666666,0.48484848484848486,0.02,6.561266481901405,0.375,0.04,3.5625,2.175,40.679852187788704,0.92,60.36365163349292,218.7088827300468,1.7142857142857142,5.2490131855211235,1.40625,1.6,21.87088827300468,0.24068571428571428,0.19,52.49013185521124
2024-09-01,44.61661207692955,0.6666666666666666,0.5454545454545454,0.0,14.43478626018309,0.4125,0.04,3.1875,2.05,41.99210548416899,0.88,64.30041152263377,323.6891464404693,1.8571428571428572,5.2490131855211235,1.4375,1.92,37.776988835189904,0.2496,0.34,57.411081716637284
2024-10-01,40.679852187788704,0.6666666666666666,0.48484848484848486,0.03,5.2490131855211235,0.3375,0.06,2.875,1.85,38.05534559502814,0.78,61.6759049298732,253.7023039668543,1.8571428571428572,5.2490131855211235,1.1875,1.36,53.68308939737513,0.0,0.34,54.130448475686585
2024-11-01,40.679852187788704,0.6666666666666666,0.5151515151515151,0.0,6.561266481901405,0.3375,0.05,2.875,1.85,39.36759889140843,0.76,51.177878558830955,244.95394865765243,1.6785714285714286,5.2490131855211235,1.21875,1.32,35.78872626491675,0.0,0.22,52.49013185521124
2024-12-01,48.553371966070394,0.6666666666666666,0.48484848484848486,0.02,5.2490131855211235,0.4,0.06,3.5625,2.0,36.743092298647866,0.72,49.86562526245067,236.20559334845055,1.7857142857142858,5.2490131855211235,1.1875,1.44,37.776988835189904,0.21394285714285713,0.22,60.69171495758799
2025-01-01,55.11463844797179,0.8333333333333334,0.5757575757575758,0.02,5.2490131855211235,0.425,0.07,3.6875,2.325,43.30435878054927,0.74,56.426891744352076,236.20559334845055,2.0714285714285716,5.2490131855211235,1.4375,1.4,25.847413413550985,0.0,0.22,68.89329805996475
2025-02-01,48.553371966070394,0.75,0.5757575757575758,0.02,47.24111866969011,0.3625,0.06,3.1875,2.2,40.679852187788704,1.58,56.426891744352076,463.6628313876992,1.8928571428571428,5.2490131855211235,1.25,1.32,25.847413413550985,0.0,0.18,62.33203157806334
2025-03-01,38.05534559502814,0.6666666666666666,0.45454545454545453,0.0,9.185773074661967,0.325,0.04,2.5625,1.775,34.118585705887305,0.74,45.928865373309826,262.4506592760562,1.6785714285714286,5.2490131855211235,1.125,1.12,19.882625702731527,0.1961142857142857,0.18,52.49013185521124
2025-04-01,36.743092298647866,0.5833333333333334,0.45454545454545453,0.0,7.873519778281685,0.3375,0.06,2.625,1.8,44.61661207692955,0.72,48.553371966070394,262.4506592760562,1.6785714285714286,5.2490131855211235,1.15625,1.24,19.882625702731527,0.1961142857142857,0.2,50.849815234735885
2025-05-01,39.36759889140843,0.6666666666666666,0.48484848484848486,0.03,19.683799445704214,0.325,0.03,2.625,1.775,41.99210548416899,0.84,48.553371966070394,577.3914504073236,1.8214285714285714,5.2490131855211235,1.125,1.16,19.882625702731527,0.23177142857142857,0.2,52.49013185521124
2025-06-01,44.61661207692955,0.75,0.5454545454545454,0.02,5.2490131855211235,0.3375,0.03,2.875,1.95,45.928865373309826,0.78,61.6759049298732,218.7088827300468,1.6428571428571428,5.2490131855211235,1.0625,1.2,17.894363132458373,0.0,0.18,57.411081716637284
2025-07-01,47.24111866969011,0.75,0.6666666666666666,0.0,7.873519778281685,0.425,0.02,3.8125,2.125,51.177878558830955,0.84,65.61266481901404,271.19901458525806,1.8214285714285714,5.2490131855211235,1.1875,1.4,19.882625702731527,0.5348571428571428,0.22,60.69171495758799
2025-08-01,41.99210548416899,0.6666666666666666,0.48484848484848486,0.0,10.498026371042247,0.4125,0.03,2.75,1.8,47.24111866969011,0.8,60.36365163349292,297.44408051286365,1.6428571428571428,5.2490131855211235,1.0625,1.52,17.894363132458373,0.4992,0.36,55.77076509616194
2025-09-01,40.679852187788704,0.6666666666666666,0.5454545454545454,0.03,9.185773074661967,0.3625,0.04,2.6875,1.8,45.928865373309826,0.7,56.426891744352076,244.95394865765243,1.6071428571428572,5.2490131855211235,1.09375,2.12,19.882625702731527,0.0,0.17,54.130448475686585
2025-10-01,39.36759889140843,0.5833333333333334,0.5151515151515151,0.0,26.24506592760562,0.3625,0.04,2.3125,1.55,39.36759889140843,0.96,47.24111866969011,428.66941015089174,1.6785714285714286,5.2490131855211235,1.0,1.44,17.894363132458373,0.1961142857142857,0.19,49.20949861426053
2025-11-01,40.679852187788704,0.5833333333333334,0.5151515151515151,0.02,13.12253296380281,0.325,0.05,2.375,1.775,39.36759889140843,0.64,48.553371966070394,306.19243582206553,1.5357142857142858,5.2490131855211235,0.71875,1.36,17.894363132458373,0.1961142857142857,0.19,50.849815234735885
2025-12-01,44.61661207692955,0.5833333333333334,0.48484848484848486,0.02,6.561266481901405,0.3375,0.03,2.5,1.725,34.118585705887305,0.6,43.30435878054927,227.4572380392487,1.3928571428571428,5.2490131855211235,0.71875,1.16,19.882625702731527,0.2674285714285714,0.18,57.411081716637284
