Tarih,VPC1_cov,VPC1_nocov,VPC2_cov,VPC2_nocov,VPC3_cov,VPC3_nocov,VPC4_cov,VPC4_nocov,VPC1+VPC2_cov,VPC1+VPC2_nocov,VPC1+VPC3_cov,VPC1+VPC3_nocov,VPC1+VPC4_cov,VPC1+VPC4_nocov,VPC2+VPC3_cov,VPC2+VPC3_nocov,VPC2+VPC4_cov,VPC2+VPC4_nocov,VPC3+VPC4_cov,VPC3+VPC4_nocov
2018-01-01,10.06806102793546,10.068008424974698,9.979747502163008,9.980104060115517,10.216867000496777,10.216925604627988,10.051324337673917,10.05123559382423,9.966963469158072,9.95980506245102,10.212257517163373,10.21802076896939,10.05441155050223,10.046546649069585,10.105266913284272,10.105557207494227,9.996147995050997,9.953094927782347,10.24390041138704,10.23631836145437
2018-02-01,9.852385266813206,9.852382735822047,9.8026369644837,9.802663406838562,9.89721908104278,9.897219149041002,9.948379103359214,9.948385913279798,9.75060104738152,9.747237893861374,9.908787905653332,9.934926493464056,9.940289662285783,9.93824317822113,9.808851395192912,9.808856741526707,9.847826187299608,9.847978343586439,9.995175033596569,10.016385913886031
2018-03-01,9.740816469216355,9.740815961345533,9.696796782660858,9.696799569136347,9.828820606612329,9.82882046303274,9.809624600456218,9.809624950816929,9.623365728742463,9.6216077801641,9.804276256228654,9.833653715318906,9.764786682420327,9.766462870318195,9.724471082701832,9.724476063527263,9.713717499538456,9.71423809520929,9.88188153817271,9.899451501771285
2018-04-01,9.949074316803696,9.949074303363648,9.894849653641646,9.89484877733988,10.04496596315104,10.044965902707784,9.994635080921595,9.994635172819365,9.853102231233716,9.848474570365314,10.009003628127202,10.024050240293084,9.959925353455622,9.959937875804941,9.941466291304003,9.941466799154226,9.906325388088582,9.90735822919037,10.095630317751835,10.107302261806336
2018-05-01,9.99673099372005,9.996730991093186,9.888545926386753,9.888545840708574,10.046718696716573,10.046718777034153,10.000872510710012,10.00087253066205,9.902135391988086,9.893188132636512,10.062633437699697,10.064012114479775,10.024460989963782,10.024464275341963,9.9475970139193,9.947597000022153,9.900628974578472,9.901880035337975,10.124748289770547,10.140844910961329
2018-06-01,10.1689935729226,10.168993573753417,10.098968555248362,10.098968504202697,10.235885142697525,10.235884804883073,10.20901823758573,10.209018238891034,10.073862589553444,10.07080315186377,10.257318700444166,10.257901783380937,10.208404872377365,10.208402557402845,10.161372573333004,10.161372563237569,10.123109533299331,10.123782564532812,10.276009859292556,10.273485695334756
2018-07-01,10.56625141569301,10.56625141618442,10.5169281547006,10.516928144119383,10.636212103895616,10.636212102250507,10.581074458979726,10.581074450973649,10.495865547278546,10.499285414349105,10.645972976026822,10.646084438548286,10.581945610652111,10.58194518221616,10.582515818577606,10.58251584130087,10.529814841188214,10.53026242049565,10.66494666513586,10.659986350741125
2018-08-01,10.649815628977205,10.64981562856287,10.666356915105272,10.666357219645317,10.726975232734285,10.726974891000554,10.702720611770332,10.702720404297084,10.620058343848504,10.624717720060307,10.718770642257144,10.718719439004618,10.690137963588109,10.690137992853254,10.713228653562338,10.713228480598449,10.690037097596637,10.690760065031707,10.8027907003516,10.822551965525243
2018-09-01,10.800869715777552,10.800869707547305,10.826488489552764,10.826488478182029,10.846962303389866,10.846962388281352,10.829842285068382,10.829842317040244,10.808819954392948,10.830798483937286,10.873889020675428,10.874073560078756,10.857666777355265,10.857667076300602,10.887868777110253,10.887869896716705,10.888156822437876,10.888414545794369,10.95751464774082,10.99368461954922
2018-10-01,11.211347181061877,11.21134718056002,11.25629355803361,11.25629356312459,11.279952838555465,11.279954679236774,11.151470198126496,11.151470186953304,11.259335641534454,11.275654422751813,11.298094403759327,11.298575618956628,11.182775881857092,11.18277591826591,11.347652732540164,11.347652730958636,11.231435449609055,11.230734641258499,11.296588969860178,11.315963997146772
2018-11-01,11.560935914926349,11.56093589316796,11.527073551426058,11.527073550070792,11.55617291684636,11.556172014796086,11.49178452002472,11.491784502549844,11.607730737706415,11.607448656821575,11.6147563321077,11.615323334739362,11.582720035112628,11.58271999803085,11.588847091219558,11.58884660060822,11.528399568036752,11.527935175925265,11.652838252626704,11.648120570607762
2018-12-01,11.700029302704024,11.700029301261802,11.663632931272463,11.663632908987378,11.646159556013318,11.646159321606628,11.614634358675358,11.614633212185977,11.836982355764864,11.832458693325862,11.714567097760437,11.715565000949246,11.766712200558668,11.766712172761702,11.715989659937309,11.715994264029668,11.682963408580552,11.682705217798627,11.80098420079916,11.830327633313573
2019-01-01,12.276321153076584,12.276321225765138,12.312597832926327,12.312597833635436,12.326229595722571,12.32622962771445,12.311860964351084,12.31186096300034,12.464496540782266,12.457796870850526,12.352451727422398,12.353554420221638,12.41762566013674,12.417625768464706,12.425793387410769,12.425793330044865,12.389444069657245,12.388976448746043,12.55520122576999,12.587729298454706
2019-02-01,12.669813427974832,12.669813001198602,12.88711502855582,12.88711484295002,12.845749928318082,12.845749944659032,12.694206903563607,12.694207318601086,12.875772509850648,12.879551477949136,12.756582265892394,12.757371247556534,12.656419248780225,12.656419268599228,13.001602233380394,13.001602169396115,12.845650136491145,12.84471408820669,12.92550373594704,12.935474214022847
2019-03-01,13.301416271178375,13.301416259158604,13.706282867004768,13.706282863746514,13.61226149707792,13.612261519606076,13.590770947103154,13.59077095298198,13.4715870312755,13.477501578401146,13.253540857726744,13.253910232121875,13.318337545904471,13.31833754740951,13.690751748427616,13.690751707229786,13.674982040116442,13.674118323369399,13.744661637132424,13.745149219934245
2019-04-01,13.404454209397864,13.404454366945178,13.799145700188312,13.799145571354554,13.821319356126564,13.821319086687378,13.814557376548226,13.814557267865164,13.504166512067227,13.504191609835518,13.382541063257724,13.38271445585572,13.454019773953783,13.454019786738082,13.781242668566104,13.78124273766149,13.780932251632436,13.780611403241956,13.989258922152567,13.992706504440399
2019-05-01,13.666246097135351,13.666246094727798,13.872926062098928,13.872926065939684,13.918131007479635,13.918130972056163,13.947965052463733,13.947965054526714,13.732774491838894,13.726587387849,13.650042876415066,13.650370497328101,13.73112420239394,13.731124113991175,13.8358464622442,13.835846418537962,13.88801343435711,13.888032008492537,14.112875504289416,14.117692157566037
2019-06-01,13.65159544652549,13.651595439272707,13.88776007410923,13.887761247723883,13.675332412363414,13.67533436978184,13.875192466705432,13.875192459217208,13.78344094208826,13.784671680873325,13.509131215611308,13.509312619081033,13.72608628692236,13.726085750206838,13.714213401923972,13.714213391429302,13.930348093999031,13.930557905461367,13.849481587079516,13.887048294846442
2019-07-01,13.561098692369711,13.561097782199395,13.73006385759033,13.730064083779798,13.583380938861346,13.583380415204449,13.77137282093032,13.77137271024626,13.5925827656434,13.605233101325343,13.459249983088284,13.459005363417976,13.641127262814928,13.641127925301408,13.591680113122326,13.59168186374134,13.778001161721,13.778327450470599,13.723986659895049,13.766508172717998
2019-08-01,13.443692691013004,13.443692697353224,13.618735213946808,13.618734583954446,13.6460573689007,13.646057596878157,13.698226244995986,13.698226188210432,13.384710499229673,13.392700085220778,13.389261048082377,13.388840157738551,13.46228302172588,13.462282875949947,13.5486862631546,13.548685596249852,13.606960268815676,13.607264037452275,13.725784224503546,13.733910119424797
2019-09-01,13.59283753745104,13.592837537009451,13.687010101152572,13.687010110667927,13.82852460091905,13.828524442144651,13.833678322651114,13.83367832085489,13.448964446470622,13.45005929441413,13.509439685233122,13.508914602550329,13.571672286471829,13.57167221953563,13.610737007478496,13.610737035694147,13.618621171209258,13.618843932897228,13.860997006483217,13.850043092723888
2019-10-01,13.880889612560566,13.8808896094202,13.903801620332626,13.90380366595154,13.998016684946707,13.99801722414906,14.10671360215862,14.106713611170605,13.72010033212065,13.72333722834419,13.778666413544371,13.777873598526797,13.936154274173091,13.936154312636331,13.792100850034965,13.792100694070351,13.88864030439647,13.889221485197762,14.071162384942763,14.068475475181732
2019-11-01,13.998923780561878,13.998924874829,13.984781138992108,13.984781575173288,14.01159499736238,14.011594994413407,14.103587913699169,14.1035880146793,13.863327040753218,13.87888224275673,13.928575172218872,13.927594483532836,14.028972609506669,14.028971737855596,13.896765529985837,13.896765649748136,13.984784225201752,13.985334547196434,14.05945495364783,14.061429799969432
2019-12-01,13.448203239085808,13.448203164967866,13.437995260511652,13.437995275624887,13.42694941218052,13.426950549114451,13.473447401331224,13.473447406183436,13.302326103704406,13.323788299696238,13.38939717239835,13.388210268671102,13.42392526148333,13.423925934155632,13.351668090742391,13.351668239304711,13.405227634416304,13.405736620007835,13.419993988412182,13.401032522695592
2020-01-01,13.3069214845184,13.30692145564097,13.269540587979344,13.269549024775229,13.160618090478645,13.160618097745076,13.236721576950476,13.236721705778002,13.185371950920644,13.207665847094344,13.173335502071025,13.171937186417372,13.251768556926155,13.251768032740898,13.109659902935691,13.109658397918595,13.215589495638346,13.216241300487415,13.118223247551596,13.097228853083731
2020-02-01,13.523557131594842,13.523557127155453,13.378909496431312,13.378909519910668,13.257631577024092,13.257631518896346,13.356145506610453,13.356145775457724,13.421283491019746,13.439793179598977,13.368126816834142,13.366787898908486,13.492291448177514,13.492291546988493,13.218634492798545,13.218634636451537,13.357756299927228,13.358372001671128,13.235079781967563,13.215528489278146
2020-03-01,13.327811928776423,13.32781191230726,13.142656329284284,13.142656329461698,12.88133138970259,12.881331403412016,13.162188836630994,13.16230581278361,13.30840868992336,13.330762136723667,13.164276236932412,13.163452146901541,13.48455061378593,13.484573448901891,12.99927357872458,12.999273727411886,13.310416807795164,13.311905086155654,13.045455103769388,13.045648787431448
2020-04-01,13.212433735499516,13.212434784379168,12.881997938248784,12.881997927519183,12.752746834371091,12.75274715439344,12.828635760040122,12.82855625661203,13.337071190872358,13.320083604063825,13.280815794391827,13.28148508490312,13.477822661813432,13.477898561778922,12.996843019502425,12.996842915329935,13.127083967882324,13.127777498251556,13.01124388959949,13.0102403169752
2020-05-01,13.54374337036681,13.543743338045662,13.240889576580528,13.240889838408233,13.240478439554016,13.240478440420802,13.24209590176677,13.242094188448933,13.664270211919444,13.62816264721559,13.702353770978132,13.70298967501309,13.841122264222262,13.841147180143835,13.460556055131564,13.460556111561422,13.551432638702424,13.552730551957392,13.53100713095312,13.530332696741723
2020-06-01,13.546594633946407,13.62196761496105,13.18075899531514,13.333910368451262,13.4594709914997,13.734875184413456,13.33718218648096,13.33157010197406,13.638582379498684,13.571501093085619,13.906727389344818,13.802903423438327,13.944657855925952,13.76444395243978,13.625613041922804,13.605036518813753,13.59127411291287,13.456677340198985,13.875382368516355,13.682464984293084
2020-07-01,12.933031050257716,13.158854187725147,13.118698063966333,13.29063775454562,13.501452508778293,13.735352306952816,13.279185639747675,13.414494579920662,13.185606676556116,13.129167690548043,13.473656961498856,13.486639352645769,13.671320083416692,13.764533428326589,13.606154397394151,13.516828538361047,13.578557077647496,13.50308226045803,13.896323642230934,13.906535927862535
2020-08-01,12.899293829547895,13.162760030684495,13.329753175241445,13.656067927350184,13.540541813828304,13.75633734920764,13.352944466867264,13.525059665543033,13.15246582638755,13.166328219502596,13.47717122453533,13.4943463435234,13.737835027432055,13.876656822654752,13.744929219633022,13.673345301709961,13.678275983548428,13.633840610040163,13.950244170541689,13.950909961615638
2020-09-01,13.635040255970964,14.009126944957996,13.667047526802202,14.17827781966611,13.8041541866345,14.0417605029536,13.885730181983067,14.150564414542051,13.61844572454999,14.02223726612165,13.909858705940222,14.02862667372721,14.287778983112362,14.580141253005275,13.958435955092863,14.037168431004133,14.235814374553794,14.36937596278333,14.067252762616569,14.142417818841231
2020-10-01,12.411996817268095,12.807830607726396,12.196883831178551,12.944543253403747,12.616085771150956,12.79715438627072,12.567713979005116,12.794723415835,11.98353643390342,12.754897308803812,12.677725201561689,12.774861157798739,12.847628558203631,13.133224891018255,12.643678449226307,12.80055876294344,12.876868851441891,13.059743297499248,12.898996998140817,12.888062701756184
2020-11-01,12.110716583120626,12.52088833978674,11.840569678446784,12.56676525852261,12.259053925481616,12.456941062634163,12.292951943077536,12.5004926145914,11.696314205486852,12.46303944363895,12.293720571456603,12.42480463027974,12.445752288393946,12.714043885732146,12.212702944048612,12.414484661841325,12.426479567155036,12.561504784711222,12.521062137118282,12.517029346127819
2020-12-01,12.628134731391487,13.102035719204103,12.18157880512011,13.092372280325238,12.786492738541856,13.014807772021136,12.856124514641037,13.062246938088853,12.015375630770684,13.053337701712971,12.795791535177132,13.020741848641702,13.0951170951753,13.368268597908472,12.575444033217485,13.00339830066447,12.89159803031919,13.13722923413959,13.03711649855462,13.057735193602758
2021-01-01,12.570768046785307,13.065735544893895,12.146178427045534,13.04955063605288,12.701769293402542,12.933615959030275,12.781895398527906,12.97662469796844,12.059512840499972,13.025719439692924,12.738616928105271,12.990581713701093,13.117305805462344,13.3903982706905,12.545072480330562,12.978974440259556,12.887214518442148,13.139380656434623,12.954919247688432,12.973365489875375
2021-02-01,12.15666745481902,12.655009110318604,11.737254990030609,12.626490650663577,12.356700041400313,12.574270496927628,12.39712601231043,12.572729648705568,11.71989895879461,12.613502104901007,12.377535624816744,12.621573597449062,12.707503428602312,12.968696375444733,12.178419517424532,12.597355983253289,12.477797062362878,12.722940688823297,12.626791291997533,12.626932911312958
2021-03-01,11.794889787550527,12.3068624894979,11.364756158117178,12.258118448712423,12.164662860400911,12.342330222953889,11.92559978973371,12.157425644038891,10.89364988339241,12.232460637934222,12.133537676799476,12.352562781077939,12.152084099186167,12.48439207694403,11.944966617308662,12.317960606761066,11.91233021941034,12.23460531213509,12.26554125210862,12.283664979710933
2021-04-01,12.681031265854898,13.216726733074882,12.36417037758894,13.154938340270173,12.571992572017043,12.90739145312885,12.472214720970564,12.92093437304788,10.47827866362898,13.130120093301205,12.508451119150736,12.920896547821037,12.635241569394251,13.21506543375233,12.411746178788505,12.889869914434874,12.327088498530204,12.952305960767948,12.33075815837957,12.69352211956515
2021-05-01,12.390800950958823,12.91554106455609,12.06726486600216,12.856107093851774,12.080284734442364,12.523470527103656,12.161579582510518,12.670332292109466,10.623373487189768,12.831748549612868,12.01303705630982,12.553690251076445,12.28316976491496,12.916342960940474,11.819197455829386,12.520732304570666,11.989159606796855,12.713105939316554,11.834824608146732,12.359906926923388
2021-06-01,12.84187053948669,13.38106180835404,12.117982276809125,13.322093440382584,12.50587196562653,12.984868897966107,12.447250083637185,13.115618662956711,10.690338491459016,13.304788627617151,12.315719413184434,13.006783063898636,12.440571479365572,13.225043701010769,11.750097600552682,12.977700924296407,11.95235312232073,13.193216421825522,11.97508294713827,12.758004862540503
2021-07-01,12.980580226787792,13.612760013885447,12.445316566324172,13.542593577144428,12.782325076998411,13.301318116328169,12.434888065772736,13.219898375806215,11.066249512664482,13.575889152107404,12.456509238893874,13.264367247506062,12.46329013477756,13.35787982353569,12.023465166467776,13.296863097333546,11.963270193447478,13.269982144592992,11.938608589938864,12.889488842989874
2021-08-01,11.045603862292976,11.766845407405045,9.345407467353516,10.88516728093654,11.12803431322883,11.570612699719886,10.795382074085772,11.653277199214394,9.328928026124691,11.734852191709791,10.710575801607268,11.525932453098903,10.732454686958242,11.755474726913002,10.09355553668669,11.44748578713406,10.20555401458137,11.695209440961536,10.39523008659674,11.336285864510817
2021-09-01,11.310963416031353,11.963574805019611,9.99297197658443,11.520195617182878,11.671042770894656,12.137529815177874,11.295576949267655,12.1113048631471,10.20144944308784,11.951652385259179,11.190992834105172,11.99862343658913,11.117428264907996,12.049112282930606,10.74328370858813,12.06909885784343,10.73388711927324,12.139662925268881,11.03575427727783,11.96796613518616
2021-10-01,11.53936606468092,12.166918249281816,10.361010476570238,11.91081736606229,11.73294000176184,12.21109636937226,11.422677138815846,12.236222644360229,10.4394284613872,12.130721872037096,11.40998012852802,12.170533964559379,11.20775419039902,12.138711403967493,10.874096107751246,12.162783721970145,10.899404768125551,12.259001812406211,11.209179370949627,12.121720264353462
2021-11-01,10.740812782244207,11.348390659170056,9.776479299515223,11.277052019802358,10.99918595948554,11.459027067856942,10.622616607190755,11.423062285973629,9.827592931128605,11.336259892180102,10.659010795558244,11.388532894964744,10.424875035234786,11.350223864334959,10.239508796195368,11.437930171075347,10.097593416152511,11.414628527763924,10.47887275101033,11.359618196447817
2021-12-01,10.447322313646245,11.048061201939523,9.423058165390476,10.975529629509415,10.639519858526011,11.08823094480916,10.23410715404984,11.03623424137186,9.436218807350675,11.06553278817982,10.344872968246571,11.054454713876286,10.040719243658568,10.977921849190352,9.85626631524943,11.070962350797389,9.626848470438825,11.01998631134432,10.112572960852294,10.986007199714274
2022-01-01,10.618835178596182,11.215057147802511,9.517489452485904,11.143282502827304,10.791270097130322,11.244173709092372,10.348520919030044,11.170748802680167,9.534474544999592,11.20525790111722,10.541283014500328,11.232083429300008,10.08871343992702,11.039426196698484,9.952071640082508,11.210689761745698,9.701562758922266,11.160599754256623,10.22508865572099,11.11379900992931
2022-02-01,10.425251511241513,11.009437758411632,9.37342561299054,10.962983483196345,10.62407185154675,11.072584311713234,10.280162311292994,11.096414819637186,9.610336899030322,10.994596077249529,10.349205885346064,11.034017985881023,10.045424012281902,10.970693310040705,9.829683705204584,11.042612694866214,9.666088729037162,11.10050304252201,10.138026324968086,11.01810259812963
2022-03-01,11.311781680229943,11.31398834083186,11.247036160700173,11.256226390708116,11.25866482235635,11.260750558657945,11.298156124175716,11.311755124963126,11.527258502273096,11.281268381369065,11.241737631090729,11.248046160467682,11.149593886083933,11.178857466895652,11.218453980101364,11.242432451066975,11.316820625088324,11.343962599162893,11.13449635264725,11.170320163874868
2022-04-01,10.661669976162258,10.661122133600877,10.58345215279092,10.588104565909113,10.613361365159031,10.613885021717207,10.755798421977849,10.76018373805408,10.945358276888928,10.578700255461369,10.634365758979062,10.633741995667492,10.586924120981804,10.599289167801956,10.586627149843364,10.595215190482971,10.788151529653677,10.801137044090346,10.629348811060805,10.64351311602425
2022-05-01,11.150554861046375,11.148380994549196,11.19006725571505,11.186741295771256,11.165355262432907,11.166465891507114,11.20134110834569,11.20866761579382,11.310271928719706,11.104771815597799,11.185448629250327,11.178681502152205,10.97369859389509,10.990877267640494,11.171431564269394,11.17000220470666,11.21107562372678,11.214208330928336,11.120687218533416,11.136090962509614
2022-06-01,10.701853901571482,10.70205876522069,11.00389521230104,10.93747389223826,10.822139224105817,10.823518310797914,10.86718404539588,10.86938126300883,11.099073610645586,10.825511089659534,10.763098307447962,10.760899103657257,10.800068539128974,10.795339583561894,10.976143829271662,10.91901077402175,10.872173673874292,10.818522269452096,10.832645889199794,10.833657736006726
2022-07-01,10.851645540829244,10.85270341266768,10.890306554514495,10.863099085820403,10.89475355263703,10.896333013120874,10.75992341476544,10.76562526266788,10.968300896020894,11.014153163677667,10.849657310075322,10.855697178018426,10.718966072270762,10.73190929511003,10.932812851340817,10.929654037199297,10.701022967932248,10.704929932409936,10.716620719516222,10.735992696090065
2022-08-01,10.225158409827836,10.22425386994005,10.216956075681589,10.216542274181624,10.243022847393066,10.242508934776524,10.21235934651354,10.218736475181045,10.111894460432266,10.230078998804833,10.244440567321806,10.241379166470718,10.060618772082591,10.072420296138786,10.220672330727064,10.225628146601863,10.157123437309798,10.173793904782688,10.1598045715534,10.172860694389056
2022-09-01,10.19369281547926,10.192445290096313,10.18555543079674,10.198416731233973,10.270103206115351,10.269422450030495,10.284950280381034,10.288675002114283,10.037555624330166,10.182280589236893,10.263675636402924,10.25762996792568,10.156019823970322,10.158260525616367,10.22182392743087,10.238985214937744,10.257220000708868,10.278088275103801,10.266489245481424,10.270485345008202
2022-10-01,9.822700493454176,9.8227107701578,9.833045126074271,9.834910275579052,9.980890532722032,9.97944598906431,9.86046787451538,9.864987667850528,9.79872413537607,9.820152092222154,9.935649884719572,9.932350670763123,9.79929085805668,9.802251255478957,9.958930174973457,9.964358051752562,9.854445140535931,9.862235111801581,9.907027544199034,9.910446494161011
2022-11-01,10.185985048419594,10.186217704675933,10.132721564608277,10.128087125120352,10.273481172339135,10.272138179574718,10.220597099442028,10.222260398749745,10.42498104640728,10.172213005875472,10.252054875374544,10.252671526658649,10.169628828381878,10.172194822892896,10.279419094387771,10.275069130125752,10.245500265202372,10.247557747883002,10.24439525423272,10.249140428129449
2022-12-01,10.331560918848847,10.33040845608458,10.330736165317733,10.32484223126342,10.388923404164728,10.387008950209983,10.388577028702352,10.388689235084064,10.750162115049386,10.318599531553838,10.410283041978944,10.404460074427472,10.3101536857412,10.309663633820623,10.421171780132456,10.405863387563777,10.435385312226645,10.430588390252991,10.437720342255556,10.43366062216452
2023-01-01,10.096902922132076,10.095451282396803,10.168917481065446,10.153803727241408,10.185180685540674,10.182374404737873,10.18972940964517,10.18585398112056,10.411032014925627,10.099524272744612,10.180821861420412,10.176409851046131,10.168629770911515,10.16044775315684,10.259818355781269,10.22577564340928,10.226648446707776,10.208282505261517,10.266119326438403,10.255227083356557
2023-02-01,10.389590911334665,10.390083302416343,10.547977336671831,10.499263975606864,10.364755046731672,10.363072059467756,10.418580988817393,10.413908380900134,10.645092156694126,10.44655877012795,10.373982324869804,10.37464103003696,10.491776284761398,10.485369940852848,10.516151699782805,10.447309900896226,10.416077827472469,10.365563632106594,10.460558902279631,10.447340862120049
2023-03-01,9.770040041439383,9.768551414910318,9.803403640353109,9.783147779587262,9.761968456066914,9.757885449600083,9.676224541597511,9.67343194399535,9.66665439221206,9.82997541548518,9.795379514647143,9.792025231375838,9.71362300079358,9.712356957460397,9.837060078797776,9.79398735102472,9.601956048408308,9.593618743807161,9.776394108309436,9.766780183837362
2023-04-01,10.010859949988609,10.00973883618155,10.045788377805492,10.0428041252408,9.927627799109668,9.9242603242563,9.988069925293892,9.98805188458669,9.81234747934792,10.046625243762676,9.976533640647746,9.97356566420815,9.968959130764802,9.968817912495197,9.965418186058915,9.942719518807193,9.953307231373469,9.960182356018331,10.00158050906272,9.995878792401275
2023-05-01,10.111656803993965,10.112195030371062,10.114403148436065,10.118489630778326,10.02955992536557,10.027483972152062,10.14380957044676,10.142591878873814,10.08456158660964,10.124563195108836,10.06256084755407,10.06208370926861,10.187948623610216,10.183791824156025,10.031765380873022,10.027533137444195,10.14454910292349,10.151216215473177,10.137547642633605,10.127805870897161
2023-06-01,10.20048072676577,10.199111339715808,9.982882564043589,10.030716477316112,10.079732663599964,10.07764043164757,10.114583694883567,10.11540642420403,9.890486180583574,10.121588002420971,10.120167089826596,10.12227822728981,10.078473092697156,10.083172528396021,9.971431051963217,10.009648102021309,10.107787802236173,10.150849710739875,10.072293933923508,10.080323789796124
2023-07-01,9.497040954174777,9.495266565302533,9.53590748600546,9.543151865139968,9.39438898158754,9.391229102365733,9.592348708036967,9.5903653122969,9.394519344657835,9.447355118804094,9.449677309040595,9.44203793706332,9.546965583838578,9.53943659182461,9.427071813344574,9.41150855805393,9.61433949294939,9.607594671529743,9.561047467342206,9.547857943494279
2023-08-01,9.38025448618884,9.378108125587046,9.36824649260264,9.36387178954446,9.38043727515058,9.377167879530337,9.399731161883766,9.395063979421453,9.338912962264212,9.375168355588011,9.410808893577316,9.403609029901531,9.403448409531386,9.395909136919766,9.41063684141056,9.392249537814333,9.394694506729632,9.386806898427082,9.452542754562408,9.438844030361084
2023-09-01,9.43659208184516,9.434406178262144,9.4168306759591,9.426478985586076,9.48359418582852,9.48091923636314,9.456742583599585,9.451550488388994,9.279799538092398,9.414588566396027,9.508184622123911,9.498164284980849,9.47389377839798,9.465040120316583,9.441603011605434,9.448853010255354,9.435293481230085,9.441899732852661,9.54162936588405,9.523443210751259
2023-10-01,9.256178729390172,9.25361855709651,9.224505203135466,9.233496749132796,9.316794181730716,9.314481051646538,9.228520683578314,9.22459625562039,9.10981326842795,9.223175882932004,9.311005776688216,9.30400483003208,9.22113432536721,9.21592997992928,9.285246329594566,9.290614687242988,9.215868383201435,9.218337262391927,9.283038413454316,9.274605422872815
2023-11-01,9.042123198832227,9.038827864506096,8.959382781164088,8.98944367479426,9.064113070242051,9.06111685197159,9.039910429762934,9.037409436564406,8.66276140987794,8.970735824520126,9.071588789572631,9.063246132034616,8.992485882595705,8.986953222205702,8.978555784091155,9.000448010988684,8.983346082171217,9.007730117116587,9.059775573924831,9.053484326933493
2023-12-01,8.5472278815833,8.544059858203596,8.457464403268457,8.489568737661527,8.52073261809253,8.517535820834663,8.576393002996095,8.573250394935151,8.021754964860467,8.461310808239801,8.547224154664228,8.537671407635951,8.520176888737746,8.513477370960914,8.42690041000157,8.44862871334695,8.509673848218629,8.53340723055122,8.568102299069226,8.558435699850541
2024-01-01,8.94072955123282,8.938307271560653,8.887853072602187,8.909048310016864,8.928738342716063,8.926787465542116,8.995559365428475,8.990329332601183,8.570320331679751,8.88054050004464,8.952804570805643,8.943342387207778,8.974046483414883,8.964989943912949,8.846179797888286,8.86817957147848,8.956929317208722,8.968363378863652,8.992480405118117,8.97855106173225
2024-02-01,8.956377111713536,8.953129146094984,8.817826996058196,8.862241745719238,9.046757344970397,9.043999787784532,8.918888523867132,8.917794781365739,8.682676724101853,8.860617905207796,9.053631958216664,9.042030339298933,8.825519204212409,8.825450295618278,8.892524378785257,8.942368419244277,8.899626281201645,8.937415325535277,8.976930710184853,8.972000246318563
2024-03-01,9.188958226427909,9.186831156100068,9.110006799774776,9.152544073918262,9.2723216126053,9.271066730009874,9.284828517782053,9.28294872565971,8.876959564048025,9.079465993546883,9.257553923203917,9.248078214625497,9.197734313262368,9.192576510618794,9.129519409878528,9.17850722305514,9.25951452433055,9.284101243483615,9.27683874699297,9.27003372354673
2024-04-01,8.651415640360307,8.64938479928649,8.556505018891745,8.584586440126056,8.81201264854788,8.809571961455529,8.68890604048482,8.685451819877603,8.231504231957885,8.553362772347349,8.774346450708503,8.76510594302573,8.65355936451431,8.647987294885162,8.7011884097913,8.729299696725706,8.635712184135695,8.64850461153719,8.759758911414066,8.749492694458587
2024-05-01,8.855149689159848,8.852739275363179,8.898952205178363,8.883536488019738,9.036602552617255,9.032667518379146,8.902925639993525,8.896238968830424,8.856019709670298,8.846426120163066,8.996087808861224,8.988950142505512,8.921657154741446,8.91000447520321,9.103889802691873,9.066588062170043,8.895489628549154,8.8702470405148,9.042862337131355,9.026778071166394
2024-06-01,8.65434181041056,8.653040258358999,8.596742979060316,8.6172571882627,8.734290522170584,8.73128291671455,8.577919632970305,8.578376357216463,8.509018844567967,8.619852248239575,8.753252311453597,8.742329380471698,8.581668347539829,8.582125729660158,8.65359559200426,8.673782196827615,8.558607959665403,8.581857640923776,8.688730588337007,8.675962774095394
2024-07-01,8.509321090983015,8.507578234691017,8.414625279069814,8.428638871092982,8.659495856578078,8.656154587580575,8.52754254895616,8.5248472893301,8.4029415697456,8.451369411354957,8.616050188614627,8.612441679232374,8.508197722059313,8.503357692807626,8.60903506512503,8.615224769982248,8.507718161859131,8.51584135143293,8.615416112270939,8.61078940042228
2024-08-01,9.165642959328002,9.162887153634056,9.099238917727304,9.114049685022474,9.143309363302857,9.139702714903654,9.181594401894678,9.17961547448277,9.067872036073476,9.107070440025959,9.18046714293686,9.173833682339298,9.09707508823821,9.094402941237137,9.11974472356114,9.116262793886467,9.155267572578976,9.164428620413497,9.19349527765417,9.188287190472927
2024-09-01,8.992261174332944,8.990072096164191,9.052009834924846,9.05233176261397,8.98296626947809,8.9795550465948,9.10779442759701,9.102957321164425,8.999416306311586,8.968905244693339,9.01723001545926,9.008035680134777,9.059172775613684,9.049117246501421,8.997339928317562,8.982737270977516,9.107543766397535,9.101754694767513,9.129984450079654,9.111448743023923
2024-10-01,8.571227853609946,8.568508326612942,8.58652739175438,8.579809444308273,8.602785408927211,8.599196302163511,8.568227623748156,8.563575875162046,8.690214711787908,8.559599190869276,8.62509950719264,8.617181854356309,8.531387988611343,8.525664719090619,8.633483515264642,8.612203652684308,8.58058940046681,8.569293892300633,8.638638263188968,8.626344112327434
2024-11-01,8.614035775073985,8.611535202993906,8.644182621006141,8.649200387624417,8.655756041834854,8.652050131036013,8.669725400224653,8.665424450457248,8.65797446187724,8.587283401645433,8.672072850356475,8.6637963530544,8.631623444792009,8.623103907623554,8.6537124235918,8.643758079947647,8.665767419769189,8.666492353701129,8.732408918597134,8.716920437611186
2024-12-01,8.755338520970334,8.753047827349546,8.806594395573203,8.791235263538997,8.773858960061876,8.770386364209468,8.772120121081736,8.76737165730104,8.908029768350739,8.755311902041031,8.799619424395127,8.792704753318118,8.760993897303566,8.753454387106824,8.830222399522636,8.798660423511295,8.781600424851607,8.761486431669748,8.84031013973435,8.825927139440271
2025-01-01,8.448830391827057,8.446390768064056,8.508669092097598,8.495395636086682,8.440057791169668,8.43679202338728,8.473189911156858,8.467583515085527,8.624191301816781,8.462589375227026,8.465191777868666,8.45853369484946,8.46375702317218,8.45512544700782,8.485493012373704,8.460109219320934,8.489961503458664,8.475966549500152,8.514758159728562,8.499915669850635
2025-02-01,8.745530256019075,8.742561299212902,8.814769607180166,8.8000118825845,8.67427495623022,8.671619007263251,8.737175069524923,8.734138350037126,9.065411705674958,8.761968666637976,8.705983619718342,8.700134713818898,8.673564003376445,8.668923369467326,8.73529358023669,8.70938518690314,8.780254763772518,8.764803240666968,8.711065782508932,8.70544399285024
2025-03-01,8.51151522638377,8.508668543804955,8.613920969509214,8.598966623683811,8.443700258582783,8.440568800751443,8.595449836848681,8.591026216250942,8.83155598138947,8.518080221117541,8.479834888338104,8.472727379700068,8.504935183338006,8.496846881574353,8.504466266750981,8.475191258277455,8.6210324452768,8.604505506978123,8.557716558004913,8.545986891663068
2025-04-01,8.225368676258004,8.222540341863308,8.300618307210717,8.2903719899181,8.20070843601123,8.197654199611092,8.27105014536685,8.26727158230805,8.388841044606172,8.225091147421205,8.241264980099164,8.231917701778197,8.183813480327657,8.177521390284177,8.237033674754983,8.216260808058987,8.284124199772116,8.273865808222624,8.28501822250039,8.27143126556773
2025-05-01,8.025755851684723,8.023394682788034,8.230090978376928,8.184368384459178,8.064241705358745,8.062277188876674,8.142321783812273,8.132827296533266,8.420377333381301,8.090240989725032,8.08516002127869,8.075549736513072,8.082051274466231,8.07090217709112,8.188789086212985,8.14346131066342,8.197055730633348,8.149574875806405,8.181993421641597,8.160877458203888
2025-06-01,8.583615503118612,8.581614181302267,8.710377929952639,8.695308675166471,8.73074648313631,8.728635565787686,8.58833504405276,8.5846539751494,8.794172223062803,8.6194954959837,8.683361221773312,8.678834842371899,8.536054023242194,8.53216311797189,8.766233660260015,8.751462818800116,8.625053447537075,8.615650485534836,8.670151970026511,8.664548926367655
2025-07-01,8.436781426354493,8.434478305325447,8.49752952324281,8.487098706081525,8.458402005665846,8.455662538023308,8.452579743436594,8.449475867617696,8.515536097090997,8.436742805201057,8.483411483242556,8.476312855926686,8.364282866685349,8.361308891666036,8.494255560716754,8.47530971968568,8.463642287941353,8.45348281378744,8.48739241948648,8.478189652737923
2025-08-01,8.478528091460761,8.47852686675608,8.696904389226368,8.658483068001404,8.583553141030443,8.58164009027666,8.627554881845489,8.618662057387136,8.690307524878065,8.553755231542535,8.545815707599084,8.5433452344411,8.710373173499587,8.696453342528521,8.6854760837897,8.646630153823102,8.664627056294494,8.624897037864507,8.701591903618155,8.67955156789009
2025-09-01,8.267256543897915,8.266594448613697,8.20273022183566,8.19199951193826,8.251889464690876,8.249986146685632,8.080760576162474,8.076917338248027,8.281512657334394,8.290458579955494,8.251851539061036,8.251876909809477,8.200347814014068,8.201121987151723,8.265249821436743,8.25497261147597,8.0962172087712,8.089783629429968,8.155797056633073,8.152317514436362
2025-10-01,8.53563733153437,8.535220045315258,8.599291734203527,8.58816070216257,8.487495933088395,8.485565296600134,8.526252063692787,8.524907158839921,8.566191700772142,8.550104433077069,8.482866148924977,8.482806023964347,8.519650287486414,8.519087245085437,8.522315935903901,8.506365955586508,8.548085774821821,8.539018789141506,8.492941077031375,8.489791484278998
2025-11-01,8.683266824105491,8.683285456879183,8.72458461327768,8.705880918692616,8.599161203211237,8.597445281803271,8.682230034297728,8.68003424181327,8.814722586671804,8.71305817699022,8.621719222327048,8.6215575401378,8.69504056600666,8.694104230642814,8.653344581712775,8.631869382313887,8.710190423966864,8.694347102611786,8.64057891051504,8.63532202716029
2025-12-01,8.584584220253587,8.584654573402972,8.55200508276025,8.553892886470383,8.570227094926132,8.56897276542361,8.593755978438583,8.589890637777085,8.487325212728033,8.578011274152711,8.583979386159681,8.58165492129082,8.621914722289924,8.619535632816572,8.542083680057777,8.54867457102278,8.601240180455676,8.60380646281339,8.599530613866285,8.590664482351665
