Tarih,actual,PLS1  K0 p1 (exog),PLS1  K1 p1 (exog),PLS1  K2 p1 (exog),PLS1  K2 p2 (exog),PLS1+2 K1 p1 (exog),PLS1+2 K2 p1 (exog)
2018-01-01,9.8,10.088899125133837,10.110366374147945,10.09938912724212,9.93044533322229,10.109692241078015,10.080058395449315
2018-02-01,10.0,9.889610425582852,9.895615337268683,9.9064541398498,9.686025395256078,9.884940389243015,9.900027127359989
2018-03-01,10.0,9.793871848251776,9.744411603705629,9.747160716605473,9.61060745785717,9.783268611101432,9.794068414248384
2018-04-01,10.2,9.987808183227974,9.96578410436325,9.941966067086144,9.927188617320773,10.01805318150608,10.000650397532517
2018-05-01,10.6,9.988353050384768,10.057214940135717,10.049159397908735,10.00344352871528,10.015449483836733,10.020973783499755
2018-06-01,10.7,10.184104270181805,10.237870254017713,10.262488847677618,10.213757961872066,10.145613307530702,10.152786642622356
2018-07-01,10.8,10.572910678609867,10.602094297508668,10.629727437315676,10.777803228081519,10.552194474981542,10.514332284068242
2018-08-01,11.2,10.66771882757812,10.69570032331079,10.709977448016593,10.934594935681055,10.647668895635835,10.618191203387388
2018-09-01,11.5,10.775398564783881,10.798342157779283,10.811336358915364,10.920977914988418,10.708825487556417,10.67276217058876
2018-10-01,11.6,11.160297641297051,11.290191456868307,11.305462174004894,11.371172154623117,11.245101483610645,11.22067706491977
2018-11-01,12.2,11.453507725382034,11.554798016351738,11.624288361687206,11.746382050847814,11.551544388782014,11.626885638059505
2018-12-01,12.7,11.581023296110896,11.606673515296539,11.65492818920336,11.763110575535213,11.620710037807049,11.67454629529846
2019-01-01,13.6,12.185700207216325,12.328503098872186,12.358393291380928,12.506587773990502,12.27988278800579,12.301122617812212
2019-02-01,13.8,12.645098591839437,12.759483829545978,12.900374428039289,13.214146792302612,12.746936154626674,12.87914362247838
2019-03-01,13.9,13.499138803452976,13.385568762692651,13.498270250397775,14.531948054713657,13.345696213568742,13.47952731850998
2019-04-01,13.8,13.712849579223164,13.485545657648718,13.38232351003128,14.58769875632498,13.42390362630856,13.341130688158316
2019-05-01,13.7,13.874606010961685,13.744258698404654,13.558312875595316,14.18973335440696,13.755643278354498,13.532474173921498
2019-06-01,13.7,13.788030402077835,13.827292362749326,13.720959206675964,13.773421822175019,13.838444495911341,13.68037127837237
2019-07-01,13.9,13.643158684542465,13.674396476661737,13.700760481672642,13.504490211729701,13.66818387123728,13.682688017649996
2019-08-01,14.1,13.625300379050936,13.492428305483754,13.504492366993334,13.418942660662298,13.455759334122432,13.471169807794126
2019-09-01,14.1,13.835154429528387,13.654581312076733,13.538365856290453,13.743541390783554,13.62540437927437,13.493556233864568
2019-10-01,13.5,14.049768966522524,13.916364006905624,13.763862121282177,14.126422979697331,13.961672891155539,13.763116039753871
2019-11-01,13.3,14.055392674344395,13.957782301617877,13.839850117919573,14.105641065037942,13.949517869617166,13.77236828839128
2019-12-01,13.4,13.421410411052042,13.309491674687902,13.213176332933923,13.09779091775953,13.308182727874744,13.22461364864497
2020-01-01,13.0,13.206867634713621,12.983319203930957,12.87989755531858,12.75540453469532,13.006449601415655,12.905127847738934
2020-02-01,12.6,13.353903906913995,13.138766077973289,12.943565759009855,13.065516460993818,13.17831460883184,12.925000836154323
2020-03-01,13.0,13.100914629627765,13.157473805038247,12.937256048323064,12.717757815081692,13.198663066858312,12.917680533845711
2020-04-01,13.5,12.834433173810645,13.563568110964347,13.582477250732122,12.547730875633052,13.57922295914622,13.435029812948125
2020-05-01,13.6,13.028293879834958,14.137074645547811,14.777055248374422,14.045904174673977,13.885495979413847,15.100084174537114
2020-06-01,13.7,13.208308860087728,13.269594130079598,14.153719347552483,13.786458090045828,13.044898010780352,15.206135199360656
2020-07-01,14.1,13.5122692710677,12.919941229935102,12.988998248822202,13.020821447318763,12.946505870038317,13.698749694119595
2020-08-01,12.9,13.64369343549968,13.524494781574187,13.112333448880209,13.24244261942601,13.724345291760997,13.023558797708615
2020-09-01,12.6,14.006435804236569,13.927546875102573,13.850289028569307,14.257016063327443,14.037633146963145,14.02101426166041
2020-10-01,13.1,12.802309698043755,12.603583937105393,12.529557352618934,12.64312388633087,12.651901149483429,12.494710050169832
2020-11-01,13.0,12.560974215846704,12.41982442770685,12.298194569811152,12.000269821500893,12.411309202560169,12.187747182391853
2020-12-01,12.6,13.075135662807792,13.090018448798828,13.009392925050872,12.752762979418911,13.0867499884455,12.960225229221074
2021-01-01,12.3,12.9903542802171,13.046635556294769,13.061049129209586,13.067935235113065,13.039587409564641,13.050846049798444
2021-02-01,13.2,12.569113498791163,12.627237694580556,12.664732537435471,12.62581148948065,12.656562446382315,12.720571318914118
2021-03-01,12.9,12.207977003322453,12.190435380671893,12.2161655568372,12.061586193555929,12.218365623803107,12.090302770710636
2021-04-01,13.3,12.90494057262197,12.686380235576786,12.59524497916251,12.53182770037678,12.958474299525058,12.511705712200445
2021-05-01,13.4,12.753655173130207,12.299270796879307,12.109651531877711,12.442710535098936,12.701166269342554,12.497555501887243
2021-06-01,11.0,13.276728205250462,13.21424505645852,12.904358057061541,12.983806316596858,13.305969853293732,12.862015375148072
2021-07-01,11.6,13.374512726319667,13.473885773625337,13.39472444766257,13.426051097437634,13.255295938069466,13.036624392547967
2021-08-01,12.0,10.948726514033723,10.805421734958058,11.718494729224897,11.643844062759568,10.647852704260735,11.830525494907539
2021-09-01,11.3,11.53616357927465,11.48893048349774,11.942927159489223,11.502561230196818,11.471694634211504,12.142549966677905
2021-10-01,11.0,11.96133954106721,11.938644250055424,12.180569861477396,11.860474977062122,11.96851666014765,12.27419679178486
2021-11-01,11.2,11.313446074998737,11.300699790944803,11.51312460026666,11.291200476445512,11.386809648640877,11.586021957070669
2021-12-01,11.0,11.012122250965355,11.014186056154886,11.020363816879168,10.691024560284287,11.055157687642298,11.033129868948896
2022-01-01,11.3,10.514678939549752,10.374039423979234,10.59797166980992,9.838416909881712,10.237830945646671,10.593297812735592
2022-02-01,10.6,10.319015076612185,10.138758013694385,10.401843943281913,9.73917386368908,10.108934530404342,10.506365887529723
2022-03-01,11.2,11.260565719224706,11.235341856390763,11.303292279399827,11.206162344590071,11.325752824506278,11.508479494052407
2022-04-01,10.8,10.618078194133554,10.591452764414953,10.847172736670082,10.87245608048369,10.488719628026082,10.686732964235762
2022-05-01,10.8,11.138843138089356,11.146528116492565,11.165449706755638,11.134511639456495,11.11822837733281,11.114471349830568
2022-06-01,10.2,10.815431255579707,10.810199893337012,10.816959474352903,10.823093386475175,10.94650259128065,11.004639046281403
2022-07-01,10.2,10.793988391427403,10.80108902800758,10.779454119956933,10.722583271359913,10.807395492446798,10.715602095415493
2022-08-01,9.8,10.2506991957836,10.251279973169172,10.215554199854939,10.113042382696513,10.24948735153178,10.145161023819519
2022-09-01,10.1,10.210753002809865,10.204882776902569,10.118157301160062,9.918746616365743,10.195942254926004,10.119668939688966
2022-10-01,10.3,9.847169925959951,9.829591872919979,9.885440707171984,9.688197965615508,9.804053481889431,9.81577984710937
2022-11-01,10.1,10.090285407715161,10.077244001146624,10.168330282248512,10.005178406752197,10.091056284972465,10.270083652872088
2022-12-01,10.4,10.289217133967783,10.273861761190354,10.403192412707591,10.382217319753133,10.287494671455526,10.432737873376581
2023-01-01,9.7,10.128613011063685,10.114225605282233,10.274705469780546,10.319341854153205,10.183326389511995,10.310399552357183
2023-02-01,10.0,10.390435951047538,10.394622709940984,10.442853698634382,10.472558393932358,10.41372978300924,10.585150315413532
2023-03-01,10.1,9.786794346117837,9.798441558654957,9.802930251376942,9.81427384382571,9.695991802559261,9.562303873615038
2023-04-01,10.1,9.996550989224616,10.002774069642603,9.763569307055251,9.652287057853162,10.005285790081054,9.752380811515067
2023-05-01,9.5,10.102654037416418,10.097262061256629,9.982054083338637,9.917443619159725,10.117794795859725,10.07768651770848
2023-06-01,9.3,10.11466149254231,10.10891639218682,10.117728708480273,10.135720670419596,9.989866479963805,10.015264069990344
2023-07-01,9.4,9.591164140589104,9.58722525918789,9.661332011769018,9.7060049228778,9.48087820686825,9.503266005507097
2023-08-01,9.2,9.363597986056174,9.359860890421803,9.339642614472162,9.251696317611856,9.420766056454227,9.39297057167534
2023-09-01,9.0,9.435221449249703,9.427893687501989,9.389160219392458,9.247268057108098,9.538682226821651,9.52906168393137
2023-10-01,8.5,9.26543014276782,9.261630256059474,9.301178966637021,9.192192100332742,9.24348405899065,9.288480801545617
2023-11-01,8.9,9.074156822090352,9.077730549440334,9.06102002845728,8.974106354371727,8.973099739751538,8.885038626254651
2023-12-01,8.9,8.608661419574041,8.61182525788987,8.553495388643162,8.428271441466944,8.579608859788122,8.511107313516078
2024-01-01,9.2,8.924931537893364,8.938599024135204,8.800459823909959,8.634415645603939,8.878995400320518,8.840498632071242
2024-02-01,8.6,8.947820918277214,8.945411072496794,8.870694074042063,8.834224989613766,8.901313853206961,8.78668977423575
2024-03-01,8.8,9.223635005062603,9.201885881229524,9.120913851449103,9.171260990323967,9.209140900314354,9.174140058497775
2024-04-01,8.6,8.720794188468934,8.721419227738178,8.932740343932164,9.049744641872975,8.706388087144889,8.897876019587889
2024-05-01,8.4,8.824760984635978,8.828160320817341,8.787667137101023,8.815594743420332,8.930269831993778,8.830779428873713
2024-06-01,9.1,8.674123483010641,8.65118469656948,8.57642963456538,8.558880497613472,8.86337528389852,8.790285850437005
2024-07-01,9.0,8.484625508598931,8.47409311086024,8.7143988480014,8.638586871677642,8.508983753109849,8.714649435991063
2024-08-01,8.5,9.081546609369171,9.080344076436171,9.098535197141151,9.06427351323435,9.052985281243435,9.093213247582973
2024-09-01,8.6,9.050881600353646,9.047351069786444,9.061338089247723,9.155033022542609,9.050446472295274,9.07342642890594
2024-10-01,8.7,8.607605447069469,8.599309160027003,8.627233675369936,8.693837905650913,8.639226775612338,8.631273849722024
2024-11-01,8.4,8.651066623394863,8.643266366277988,8.666475622026267,8.628891330428846,8.702460898381506,8.693641692638911
2024-12-01,8.7,8.741984299656185,8.736313342923257,8.79043239543891,8.739129014826084,8.814586310109457,8.892801839113076
2025-01-01,8.5,8.497877035016955,8.49157123807485,8.530682062443596,8.516118301666372,8.515817734538793,8.559838037118755
2025-02-01,8.2,8.71610296551398,8.714848987636753,8.75022066929547,8.716342067361612,8.696450241345866,8.65601014284113
2025-03-01,8.0,8.5790901366851,8.571201803296827,8.52208044227391,8.524789018350427,8.6678916969856,8.680736477057023
2025-04-01,8.6,8.30992354589638,8.306707892053204,8.386472105253045,8.367479261532022,8.279523792184223,8.34289436241451
2025-05-01,8.4,8.104546325751159,8.109002895592708,8.08172244038693,8.000108445697341,7.963186228683471,7.999399906261384
2025-06-01,8.5,8.597322359343087,8.607900270181036,8.477404014883342,8.399671262222459,8.414597702297986,8.245753098799206
2025-07-01,8.1,8.474395204901587,8.473168162681906,8.350466668233006,8.379502871744418,8.464645718712163,8.322500383231775
2025-08-01,8.5,8.55204971773209,8.549583327507744,8.490605884704523,8.558857358771412,8.595207699177275,8.620679338259514
2025-09-01,8.6,8.218743920876058,8.21891934957142,8.215107258384288,8.282356143354642,8.167593041575445,8.128906437026362
2025-10-01,8.5,8.513905060681468,8.523516798382385,8.444856922600815,8.47204782242856,8.466662805430088,8.367753208705667
2025-11-01,8.6,8.633188866127966,8.632144157800369,8.511968550050055,8.571415452103611,8.632145950943732,8.5437613792374
2025-12-01,7.9,8.57409425448954,8.570206061881755,8.540365984597312,8.633280594602141,8.521262225881365,8.500980651173066
