Tarih,VPC1_cov,VPC1_nocov,VPC2_cov,VPC2_nocov,VPC3_cov,VPC3_nocov,VPC4_cov,VPC4_nocov,VPC1+VPC3_cov,VPC3+VPC4_cov,VPC3_TVrw,PLS1_exog,VPC1+VPC2_cov,VPC1+VPC4_cov,VPC2+VPC3_cov,VPC2+VPC4_cov,VPC1_cov_L1,VPC2_cov_L1,VPC3_cov_L1,VPC4_cov_L1,VPC1+VPC3_cov_L1,VPC3+VPC4_cov_L1,VPC1+VPC2_cov_L1,VPC1+VPC4_cov_L1,VPC2+VPC3_cov_L1,VPC2+VPC4_cov_L1,VPC1_cov_L0,VPC2_cov_L0,VPC3_cov_L0,VPC4_cov_L0,VPC1+VPC2_cov_L0,VPC1+VPC3_cov_L0,VPC1+VPC4_cov_L0,VPC2+VPC3_cov_L0,VPC2+VPC4_cov_L0,VPC3+VPC4_cov_L0
2018-01-01,10.06806102793546,10.068008424974698,9.979747502163008,9.980104060115517,10.216867000496777,10.216925604627988,10.051324337673917,10.05123559382423,10.212257517163373,10.24390041138704,10.21686721787596,10.099406166488391,9.966963469158072,10.05441155050223,10.105266913284272,9.996147995050997,10.081835588638466,10.015026654098516,10.13345697595196,10.067489209184998,10.161560277345712,10.147543833180436,9.986833794795352,10.06827825489356,10.039810191462609,10.017310360920378,9.965665393933321,10.01868926475494,10.138030855178592,10.09102105752345,9.938152324767996,10.090572079401785,10.00635811499386,10.07297115318918,10.032893780458547,10.140951605566096
2018-02-01,9.852385266813206,9.852382735822047,9.8026369644837,9.802663406838562,9.89721908104278,9.897219149041002,9.948379103359214,9.948385913279798,9.908787905653332,9.995175033596569,9.89722048150643,9.906446810793945,9.75060104738152,9.940289662285783,9.808851395192912,9.847826187299608,9.86779087968006,9.82420120616435,9.896023493702302,9.895665387306746,9.908490697217312,9.9102788271902,9.79026188384831,9.869688688674897,9.807697171590988,9.859426385362704,9.71830265044181,9.828351284375117,9.866616570796161,9.901022604766863,9.745853437786483,9.80766931605499,9.792865060709238,9.804073583250663,9.849941660042676,9.872738027749229
2018-03-01,9.740816469216355,9.740815961345533,9.696796782660858,9.696799569136347,9.828820606612329,9.82882046303274,9.809624600456218,9.809624950816929,9.804276256228654,9.88188153817271,9.828820990217896,9.747161086645756,9.623365728742463,9.764786682420327,9.724471082701832,9.713717499538456,9.755655661558492,9.726738015827635,9.789833753477264,9.800317194624723,9.782901855021125,9.799683680339507,9.647654842741934,9.758027180900216,9.703422319795331,9.760106554700682,9.593271695201295,9.732946256981343,9.762103225732252,9.802029661732739,9.608344900278166,9.69582001414841,9.652437069886032,9.700574385552216,9.751092639900776,9.765840712446636
2018-04-01,9.949074316803696,9.949074303363648,9.894849653641646,9.89484877733988,10.04496596315104,10.044965902707784,9.994635080921595,9.994635172819365,10.009003628127202,10.095630317751835,10.044966200923586,9.941967647831536,9.853102231233716,9.959925353455622,9.941466291304003,9.906325388088582,9.9543453670736,9.949532754541288,10.00486742864661,9.987447839739389,9.98226747692767,10.017099597595848,9.894158373684649,9.952532974756478,9.949113988546646,9.965011995792196,9.84671743826078,9.955918827366576,9.978081142925875,9.996031098916754,9.871448788882738,9.935885271357211,9.897886432996742,9.94475812953692,9.970355931547568,9.982495952851648
2018-05-01,9.99673099372005,9.996730991093186,9.888545926386753,9.888545840708574,10.046718696716573,10.046718777034153,10.000872510710012,10.00087253066205,10.062633437699697,10.124748289770547,10.0467187062321,10.049158637798364,9.902135391988086,10.024460989963782,9.9475970139193,9.900628974578472,9.998803075183062,9.944104638143308,10.025128488203157,9.977630649149605,10.04938189018118,10.03390964744754,9.953138928041335,9.989802929724828,9.96670436529648,9.947964541490068,9.93094897488356,9.950680485822254,10.045704930405513,9.997043990518177,9.926539695615421,10.024406007472917,9.98994828836521,10.007453708400892,9.966521910453718,10.051718040772183
2018-06-01,10.1689935729226,10.168993573753417,10.098968555248362,10.098968504202697,10.235885142697525,10.235884804883073,10.20901823758573,10.209018238891034,10.257318700444166,10.276009859292556,10.235885121980514,10.262487893645837,10.073862589553444,10.208404872377365,10.161372573333004,10.123109533299331,10.180799893364192,10.154632579687568,10.260241459634022,10.178886844673263,10.27504709731878,10.260376845946851,10.143453386521806,10.175460386309872,10.215764341050631,10.15429920305978,10.087784361192382,10.16252406502187,10.262279749519175,10.183434485259681,10.118693853702327,10.23309681959361,10.085984403625863,10.240936553165355,10.16384135653041,10.260712276381119
2018-07-01,10.56625141569301,10.56625141618442,10.5169281547006,10.516928144119383,10.636212103895616,10.636212102250507,10.581074458979726,10.581074450973649,10.645972976026822,10.66494666513586,10.63621210197858,10.62973458464901,10.495865547278546,10.581945610652111,10.582515818577606,10.529814841188214,10.57199678053071,10.56884960443722,10.637326694036304,10.564180656801655,10.643163192917998,10.643664116484231,10.545712949363653,10.563518596082568,10.62226460335141,10.556098615566302,10.521436150821279,10.565655840669887,10.63111787879966,10.577392078418447,10.52698114770831,10.614216346731224,10.531158901970498,10.62140552397861,10.567777981215059,10.63276898485744
2018-08-01,10.649815628977205,10.64981562856287,10.666356915105272,10.666357219645317,10.726975232734285,10.726974891000554,10.702720611770332,10.702720404297084,10.718770642257144,10.8027907003516,10.72697454783924,10.70997892703937,10.620058343848504,10.690137963588109,10.713228653562338,10.690037097596637,10.651684236290146,10.685283548557551,10.709205710020736,10.67215316015394,10.706088988876894,10.728915613704372,10.628652967874537,10.651541398137232,10.713802773581731,10.69199660913254,10.594721148090766,10.679671447645344,10.677541794621078,10.684923420394894,10.620499495371057,10.648353782818358,10.673577056349911,10.6817329052324,10.695668258113841,10.687248203801346
2018-09-01,10.800869715777552,10.800869707547305,10.826488489552764,10.826488478182029,10.846962303389866,10.846962388281352,10.829842285068382,10.829842317040244,10.873889020675428,10.95751464774082,10.84696234484648,10.811336991456027,10.808819954392948,10.857666777355265,10.887868777110253,10.888156822437876,10.801215686216011,10.861143668036055,10.800890016002354,10.813684588174668,10.846253213185268,10.83353225195468,10.813432781163764,10.8356122677369,10.898435351940211,10.912156846990207,10.83099510872062,10.861495285507127,10.76839749027656,10.802505455488657,10.828104798006056,10.784862573177781,10.987924513793578,10.849615036063803,10.894926975863022,10.795572495263256
2018-10-01,11.211347181061877,11.21134718056002,11.25629355803361,11.25629356312459,11.279952838555465,11.279954679236774,11.151470198126496,11.151470186953304,11.298094403759327,11.296588969860178,11.279952560197938,11.305462380035438,11.259335641534454,11.182775881857092,11.347652732540164,11.231435449609055,11.211445912189909,11.25788131897039,11.229320008672197,11.169390767201808,11.268381434884642,11.240641418561095,11.265293994906868,11.20762263773162,11.324508308966116,11.239555262892418,11.294879731394847,11.257925151911602,11.194862069296278,11.18272190222855,11.303620725110852,11.240078334411526,11.321738046182285,11.270634970633505,11.25994337214107,11.201128300412774
2018-11-01,11.560935914926349,11.56093589316796,11.527073551426058,11.527073550070792,11.55617291684636,11.556172014796086,11.49178452002472,11.491784502549844,11.6147563321077,11.652838252626704,11.55617290543408,11.624288373158231,11.607730737706415,11.582720035112628,11.588847091219558,11.528399568036752,11.560339260457685,11.5280452134681,11.512403194854905,11.460117024149175,11.590515788097589,11.516296703089232,11.63405467075816,11.5419398792385,11.56127007091474,11.48832163654526,11.657954043312586,11.532520893740726,11.498462592710087,11.488262318787676,11.647397270853178,11.562569036982115,11.653909092556217,11.542510313269476,11.530090066169818,11.501542289320037
2018-12-01,11.700029302704024,11.700029301261802,11.663632931272463,11.663632908987378,11.646159556013318,11.646159321606628,11.614634358675358,11.614633212185977,11.714567097760437,11.80098420079916,11.646159545351113,11.654928187915912,11.836982355764864,11.766712200558668,11.715989659937309,11.682963408580552,11.69908316834248,11.646273186914984,11.623493487706504,11.549328832921644,11.700641745798562,11.651517532462176,11.873925705764794,11.686339634850375,11.693467907370348,11.633109210311927,11.967703377639959,11.678889477202867,11.599071519335581,11.620087042059954,11.927097374975315,11.743925512819038,12.064651926951635,11.682853140832822,11.711415459650118,11.62888805428819
2019-01-01,12.276321153076584,12.276321225765138,12.312597832926327,12.312597833635436,12.326229595722571,12.32622962771445,12.311860964351084,12.31186096300034,12.352451727422398,12.55520122576999,12.326229091819789,12.35839371704963,12.464496540782266,12.41762566013674,12.425793387410769,12.389444069657245,12.303828138476502,12.348283647774624,12.286028154714597,12.24267953791532,12.363172634288112,12.34404261238245,12.54189260330886,12.346347124678,12.438075110123826,12.399400337688355,12.539159150155925,12.324425448430768,12.246259127366448,12.241541873176061,12.573234797282705,12.38450962365373,12.690764601502828,12.363185157964148,12.368031831977733,12.287073402762582
2019-02-01,12.669813427974832,12.669813001198602,12.88711502855582,12.88711484295002,12.845749928318082,12.845749944659032,12.694206903563607,12.694207318601086,12.756582265892394,12.92550373594704,12.84574988103034,12.900369784463102,12.875772509850648,12.656419248780225,13.001602233380394,12.845650136491145,12.699559591237485,12.86899857199896,12.794753115773664,12.705745642515328,12.765804660617077,12.842892669701712,12.879495060655591,12.71322356152414,12.96187028188216,12.860486660109082,12.84203245280148,12.841967232392118,12.75387900304446,12.710868225957991,12.913292389835389,12.803162256684683,12.88636924868037,12.886986018635017,12.84785369861137,12.765166848913095
2019-03-01,13.301416271178375,13.301416259158604,13.706282867004768,13.706282863746514,13.61226149707792,13.612261519606076,13.590770947103154,13.59077095298198,13.253540857726744,13.744661637132424,13.612261592635578,13.498264124756908,13.4715870312755,13.318337545904471,13.690751748427616,13.674982040116442,13.381110385829622,13.684210449775328,13.55907334341655,13.55935239503503,13.29761972035199,13.579738978324349,13.479304809969914,13.371973664426926,13.650312844919306,13.636977585854966,13.529011806395909,13.672797152105614,13.518185803439776,13.60004161752547,13.585377136070354,13.477234970288055,13.551675874694347,13.589356155460361,13.666832299909652,13.51909443167837
2019-04-01,13.404454209397864,13.404454366945178,13.799145700188312,13.799145571354554,13.821319356126564,13.821319086687378,13.814557376548226,13.814557267865164,13.382541063257724,13.989258922152567,13.82131923940614,13.38235155830096,13.504166512067227,13.454019773953783,13.781242668566104,13.780932251632436,13.56778073630287,13.778946949632669,13.76018039996533,13.76595491302994,13.523284796119398,13.78145274492655,13.56815328453716,13.559461809565548,13.73604102490087,13.763978359163834,13.654671696894841,13.774233629658639,13.70010809829966,13.801042949343305,13.634858716314799,13.61249657719478,13.70484827542122,13.67784992724366,13.775886393640647,13.701982466501839
2019-05-01,13.666246097135351,13.666246094727798,13.872926062098928,13.872926065939684,13.918131007479635,13.918130972056163,13.947965052463733,13.947965054526714,13.650042876415066,14.112875504289416,13.918131043238128,13.558448740587515,13.732774491838894,13.73112420239394,13.8358464622442,13.88801343435711,13.783439994116677,13.857412419135327,13.85219086591304,13.910535040973144,13.7478906303257,13.888566641288731,13.791174431818533,13.801734305118908,13.79865886040559,13.897659411741287,13.902563220181822,13.857667116729855,13.79766661259873,13.916675137265983,13.819093724408859,13.767316799187217,13.986351935149907,13.759229647894816,13.878542503611847,13.814955498315793
2019-06-01,13.65159544652549,13.651595439272707,13.88776007410923,13.887761247723883,13.675332412363414,13.67533436978184,13.875192466705432,13.875192459217208,13.509131215611308,13.849481587079516,13.67533643781658,13.7210693128303,13.78344094208826,13.72608628692236,13.714213401923972,13.930348093999031,13.726592165688563,13.86409949212387,13.639941252430091,13.863726936413324,13.576430944788672,13.725144840991902,13.818930498001444,13.797506186614742,13.714994197000031,13.9565834450684,13.845346075644917,13.864655429612403,13.621927881975655,13.876668343879247,13.852359934549503,13.614173251308742,14.080619149194359,13.690455661235715,13.946412429468314,13.699397399981462
2019-07-01,13.561098692369711,13.561097782199395,13.73006385759033,13.730064083779798,13.583380938861346,13.583380415204449,13.77137282093032,13.77137271024626,13.459249983088284,13.723986659895049,13.583379924028822,13.700864544410702,13.5925827656434,13.641127262814928,13.591680113122326,13.778001161721,13.610234848047968,13.723555997848193,13.566080593588287,13.75238201009761,13.502124015081836,13.638788034907298,13.593290508108815,13.666858853359376,13.604604062786173,13.801466371601084,13.605274214633313,13.72602538616104,13.543926380470115,13.762577855714925,13.61012544632352,13.48306114085852,13.805049139701925,13.573950589566405,13.793347468719686,13.607678189217179
2019-08-01,13.443692691013004,13.443692697353224,13.618735213946808,13.618734583954446,13.6460573689007,13.646057596878157,13.698226244995986,13.698226188210432,13.389261048082377,13.725784224503546,13.64605724222676,13.504607798177314,13.384710499229673,13.46228302172588,13.5486862631546,13.606960268815676,13.481733723810455,13.617134326547008,13.62878546736352,13.67798309474602,13.41749265602904,13.633139860527098,13.36649348354688,13.478602028937,13.546655962144712,13.617679606524709,13.39071426170723,13.621340760890735,13.611322627114046,13.699497883930745,13.405919806031429,13.48657949732575,13.449137425610399,13.53659515819039,13.624914443089995,13.611951150315234
2019-09-01,13.59283753745104,13.592837537009451,13.687010101152572,13.687010110667927,13.82852460091905,13.828524442144651,13.833678322651114,13.83367832085489,13.509439685233122,13.860997006483217,13.828527443107276,13.538320850857785,13.448964446470622,13.571672286471829,13.610737007478496,13.618621171209258,13.698868078794234,13.693176568717394,13.815981443362263,13.798540178496976,13.592303779489932,13.756974982626692,13.479428106735392,13.624502835882865,13.601768404336468,13.624214391668763,13.534935038836114,13.741464109786378,13.826153235761254,13.860965597951827,13.513637017647085,13.69654357357181,13.465713397636081,13.671825751162247,13.703961482263537,13.788271297771821
2019-10-01,13.880889612560566,13.8808896094202,13.903801620332626,13.90380366595154,13.998016684946707,13.99801722414906,14.10671360215862,14.106713611170605,13.778666413544371,14.071162384942763,13.998016682630825,13.763763963621155,13.72010033212065,13.936154274173091,13.792100850034965,13.88864030439647,13.953535674602636,13.952815543232155,14.004744982186327,14.066852353238096,13.862424537464488,13.994222699842064,13.775432422768572,13.934332752747569,13.84860892695561,13.951215580215212,13.718367792967129,13.965593430702413,14.00040348284902,14.094608781348702,13.744263577452568,13.875836700195011,13.75116989785024,13.868302372063825,13.965798856135486,13.995995578803088
2019-11-01,13.998923780561878,13.998924874829,13.984781138992108,13.984781575173288,14.01159499736238,14.011594994413407,14.103587913699169,14.1035880146793,13.928575172218872,14.05945495364783,14.011596308964243,13.839786634827332,13.863327040753218,14.028972609506669,13.896765529985837,13.984784225201752,14.013633250792353,14.000584593354096,14.00361831707091,14.083990417653018,13.939748623752752,13.995417541881798,13.809162694874638,13.99823198622776,13.89833241896941,14.009576748923426,13.616656370992443,14.000421646276305,13.991166703266602,14.089918562902918,13.737370527599639,13.866146377458344,13.71669550934118,13.89300711560604,13.995297882575306,13.98201562404713
2019-12-01,13.448203239085808,13.448203164967866,13.437995260511652,13.437995275624887,13.42694941218052,13.426950549114451,13.473447401331224,13.473447406183436,13.38939717239835,13.419993988412182,13.426949595727748,13.213189932171275,13.302326103704406,13.42392526148333,13.351668090742391,13.405227634416304,13.398239519477135,13.431899103639044,13.40181078593138,13.47338656070475,13.320478856512626,13.371813342750784,12.91101536294481,13.365759110680983,13.314461891977547,13.401865275053476,12.83346363536101,13.384746667648031,13.390069141661664,13.464229962119095,12.53663947254108,13.24981794646909,12.819965968355563,13.276343824817033,13.348028741417059,13.355017987989168
2020-01-01,13.3069214845184,13.30692145564097,13.269540587979344,13.269549024775229,13.160618090478645,13.160618097745076,13.236721576950476,13.236721705778002,13.173335502071025,13.118223247551596,13.160618096190564,12.879918484411483,13.185371950920644,13.251768556926155,13.109659902935691,13.215589495638346,13.248763182299372,13.209960974064382,13.147018049077538,13.236135051303345,13.1044563317687,13.094974184782672,12.138431893505633,13.18778894553019,13.039551402209518,13.157307192586604,12.485962335137742,13.181151226021672,13.146025310265633,13.258402738420655,12.118405460157058,13.02044168928911,12.418509513357195,13.02576443706295,13.137917226402497,13.104314539796857
2020-02-01,13.523557131594842,13.523557127155453,13.378909496431312,13.378909519910668,13.257631577024092,13.257631518896346,13.356145506610453,13.356145775457724,13.368126816834142,13.235079781967563,13.257631473699332,12.94358747723764,13.421283491019746,13.492291448177514,13.218634492798545,13.357756299927228,13.423447333073067,13.337546521546182,13.255445664686086,13.36087463962935,13.28111168113719,13.219459376586958,12.34790612409887,13.376682481645211,13.174456368654914,13.304268308083778,12.7331209802563,13.304274040577853,13.256317277326966,13.36373977443611,12.34632932852459,13.168643312330806,12.658472433968836,13.158643581573806,13.26639442338104,13.219910500561994
2020-03-01,13.327811928776423,13.32781191230726,13.142656329284284,13.142656329461698,12.88133138970259,12.881331403412016,13.162188836630994,13.16230581278361,13.164276236932412,13.045455103769388,12.88133136900982,12.937278005940689,13.30840868992336,13.48455061378593,12.99927357872458,13.310416807795164,13.166602631628736,13.10146092533673,12.883246709444425,13.165039195826443,13.038221072553926,13.045494604100272,12.876171671994404,13.320674101381917,12.972983424731732,13.302597421419302,12.90459673752387,13.03297399936546,12.88608156412272,13.157239982985988,12.802699813750419,12.864658487038154,13.39739240666673,12.919434293297742,13.1920251516791,13.042268132788317
2020-04-01,13.212433735499516,13.212434784379168,12.881997938248784,12.881997927519183,12.752746834371091,12.75274715439344,12.828635760040122,12.82855625661203,13.280815794391827,13.01124388959949,12.75274700642825,13.582501792274732,13.337071190872358,13.477822661813432,12.996843019502425,13.127083967882324,12.949575006079243,12.783194549766304,12.754933187656247,12.818017437416628,13.062157370548212,13.00952281201736,13.789815846205528,13.184748449726056,12.930034686171798,13.027377870412725,13.809367633444555,12.663985332014745,12.745256567701468,12.806236975581584,13.760969549353785,12.901378286677613,16.94287013686703,12.819405719987412,12.881387539441452,12.96333182299138
2020-05-01,13.54374337036681,13.543743338045662,13.240889576580528,13.240889838408233,13.240478439554016,13.240478440420802,13.24209590176677,13.242094188448933,13.702353770978132,13.53100713095312,13.24047844114354,14.77708030245186,13.664270211919444,13.841122264222262,13.460556055131564,13.551432638702424,13.266840434807122,13.121673364079047,13.254012995056122,13.226587981059527,13.482540266762667,13.51227731339215,13.80325978884614,13.507585755579791,13.354662440709529,13.370449111671638,13.706234037195635,12.990180834708543,13.243917127750247,13.214602507569513,13.805677158434248,13.340212442912858,15.266074478887028,13.233097435257049,13.202709477978402,13.471755173796707
2020-06-01,13.546594633946407,13.62196761496105,13.18075899531514,13.333910368451262,13.4594709914997,13.734875184413456,13.33718218648096,13.33157010197406,13.906727389344818,13.875382368516355,13.46247839942333,14.153746333906389,13.638582379498684,13.944657855925952,13.625613041922804,13.59127411291287,13.263654364518676,13.055624738946356,13.464124132579128,13.315065126812929,13.678209438956044,13.831174812164376,13.548178250333017,13.588654212574657,13.51981567918748,13.389670543410238,13.663525538086896,12.915367579355927,13.45339309641582,13.296144588148728,13.512139357116371,13.535903019094356,15.93802742789154,13.368394199095373,13.208180651494267,13.780851869360166
2020-07-01,12.933031050257716,13.158854187725147,13.118698063966333,13.29063775454562,13.501452508778293,13.735352306952816,13.279185639747675,13.414494579920662,13.473656961498856,13.896323642230934,13.506283322913838,12.988898160459623,13.185606676556116,13.671320083416692,13.606154397394151,13.578557077647496,12.908308807206303,13.212234115783197,13.503512550709733,13.27688933953178,13.462384759965564,13.87575698385258,13.27323006490673,13.367434386485478,13.619089015526592,13.448312598980976,13.610244401431704,13.01721828472433,13.525070790661568,13.38057653857165,13.436972934594042,13.566633248070781,15.327346888334796,13.44506601012191,13.297019908427856,13.826670104438925
2020-08-01,12.899293829547895,13.162760030684495,13.329753175241445,13.656067927350184,13.540541813828304,13.75633734920764,13.352944466867264,13.525059665543033,13.47717122453533,13.950244170541689,13.545048624401074,13.112365585230757,13.15246582638755,13.737835027432055,13.744929219633022,13.678275983548428,13.274751874264055,13.336922904344508,13.51579038583132,13.442804222926112,13.69166924404558,13.81776552902936,13.500529771656664,13.71456234183051,13.754978861209915,13.761361556242573,13.68478645246962,13.146295079402947,13.532870737078975,13.470499310082857,13.658970057130015,13.563689574452775,15.258857672410816,13.48088503220733,13.414587575353627,13.813467484590674
2020-09-01,13.635040255970964,14.009126944957996,13.667047526802202,14.17827781966611,13.8041541866345,14.0417605029536,13.885730181983067,14.150564414542051,13.909858705940222,14.067252762616569,13.807512039900567,13.851413824412536,13.61844572454999,14.287778983112362,13.958435955092863,14.235814374553794,13.639678876065313,13.638727981850476,13.780192247723104,13.8374631767674,13.90409611725076,13.98438531829894,13.487067415789374,13.929958325824591,13.935227738224732,14.124514236865643,13.808180764848148,13.526038188189332,13.804450959449746,13.84243516904614,13.856194174727834,13.781208688661893,15.287114236359294,13.736793773009156,13.769487389071351,14.042902954032776
2020-10-01,12.411996817268095,12.807830607726396,12.196883831178551,12.944543253403747,12.616085771150956,12.79715438627072,12.567713979005116,12.794723415835,12.677725201561689,12.898996998140817,12.619180815371775,12.529421092020437,11.98353643390342,12.847628558203631,12.643678449226307,12.876868851441891,12.393163110010512,12.091144524059688,12.585099884727082,12.679204163829953,12.629508526727069,12.855596135021376,11.818628633089553,12.791363280156142,12.563661431657884,12.694176177502806,12.612260984694714,12.24587955041007,12.649393498142835,12.684338922193056,12.380926416820312,12.58493008668431,14.008573176909874,12.550100960809974,12.574735776874597,12.965813723824448
2020-11-01,12.110716583120626,12.52088833978674,11.840569678446784,12.56676525852261,12.259053925481616,12.456941062634163,12.292951943077536,12.5004926145914,12.293720571456603,12.521062137118282,12.261473322848143,12.298166188415044,11.696314205486852,12.445752288393946,12.212702944048612,12.426479567155036,12.073641706372964,11.786076282245585,12.257038374046358,12.4003163861216,12.26090387557353,12.528065882375946,11.68281480048412,12.417523268734458,12.197104608334294,12.37160284038382,12.284557193321596,11.944586985600747,12.29760111875795,12.404377517191651,12.148777988926762,12.229328085217963,13.734760615203866,12.202078874491743,12.293985682312055,12.63086991576114
2020-12-01,12.628134731391487,13.102035719204103,12.18157880512011,13.092372280325238,12.786492738541856,13.014807772021136,12.856124514641037,13.062246938088853,12.795791535177132,13.03711649855462,12.788336389860175,13.009363840963683,12.015375630770684,13.0951170951753,12.575444033217485,12.89159803031919,12.587548228432953,12.139742304172913,12.77166963127936,12.923639079283568,12.75203211495137,13.04954715724928,12.0133784059577,13.006749435070006,12.572640531002955,12.8484273174657,12.794391532391604,12.455567263291707,12.775182660006548,12.94078394275073,12.74150624465811,12.710963799619613,14.370852374200421,12.69008309626005,12.843346482279935,13.13240432281272
2021-01-01,12.570768046785307,13.065735544893895,12.146178427045534,13.04955063605288,12.701769293402542,12.933615959030275,12.781895398527906,12.97662469796844,12.738616928105271,12.954919247688432,12.70363793340242,13.061019634551624,12.059512840499972,13.117305805462344,12.545072480330562,12.887214518442148,12.482023271650911,12.065161339640682,12.701449293302456,12.82571469495358,12.682668377424664,12.97757719120427,12.09667576048898,12.911865270171628,12.52273978063276,12.755787657805964,12.770572962917651,12.373153439899,12.709562787105813,12.842000455225394,12.761864428602529,12.642179671020402,14.398473539506803,12.641436486479328,12.761101192976504,13.06472125950159
2021-02-01,12.15666745481902,12.655009110318604,11.737254990030609,12.626490650663577,12.356700041400313,12.574270496927628,12.39712601231043,12.572729648705568,12.377535624816744,12.626791291997533,12.35853887787569,12.66473303926185,11.71989895879461,12.707503428602312,12.178419517424532,12.477797062362878,12.067884642625906,11.661694363246356,12.354408860379332,12.440206719298512,12.318162706564744,12.649700221302115,11.7429370675634,12.502815221257109,12.167997514682948,12.355561856006588,12.4841879445522,11.963486840782831,12.34956258448815,12.456459257051419,12.401567468229024,12.284782911368003,14.11551622022484,12.27386950224638,12.367296286757306,12.715479801533393
2021-03-01,11.794889787550527,12.3068624894979,11.364756158117178,12.258118448712423,12.164662860400911,12.342330222953889,11.92559978973371,12.157425644038891,12.133537676799476,12.26554125210862,12.16714734204032,12.216174377770711,10.89364988339241,12.152084099186167,11.944966617308662,11.91233021941034,11.719599010675443,11.293796282212163,12.168487153606687,11.96692599548354,12.097908907737976,12.293915321001084,10.904001552708714,11.980172906720748,11.936983890608468,11.805236704412795,11.930478179486801,11.591919628372278,12.176847141499428,11.983221997066218,11.609259817936529,12.077233036808927,13.050993813234534,12.046932040062106,11.83985377203452,12.364326734324203
2021-04-01,12.681031265854898,13.216726733074882,12.36417037758894,13.154938340270173,12.571992572017043,12.90739145312885,12.472214720970564,12.92093437304788,12.508451119150736,12.33075815837957,12.572118978416263,12.595044903934465,10.47827866362898,12.635241569394251,12.411746178788505,12.327088498530204,12.595244108037985,12.271148045922873,12.571882780177738,12.534137433952852,12.44109128298922,12.35681501597135,10.527094730337751,12.50243033057206,12.370785961196802,12.290091848358736,11.528278260422246,12.514868728091988,12.57590057743195,12.561767674083884,11.34588215286524,12.443647543721635,11.096654097078952,12.46687160929087,12.436848412304364,12.468134117098316
2021-05-01,12.390800950958823,12.91554106455609,12.06726486600216,12.856107093851774,12.080284734442364,12.523470527103656,12.161579582510518,12.670332292109466,12.01303705630982,11.834824608146732,12.079798790770756,12.109623993867665,10.623373487189768,12.28316976491496,11.819197455829386,11.989159606796855,12.299166813277433,12.01677495373498,12.080452403773595,12.21174577851292,11.94588216311988,11.846443282813272,10.673233669415124,12.174294661652684,11.805260616593092,11.970854390219133,11.694993932003653,12.239448300880808,12.083372138029292,12.242073419511442,11.409318687378999,11.958915025144984,11.147800744923133,11.98689501521467,12.140550430017052,11.962866284906251
2021-06-01,12.84187053948669,13.38106180835404,12.117982276809125,13.322093440382584,12.50587196562653,12.984868897966107,12.447250083637185,13.115618662956711,12.315719413184434,11.97508294713827,12.50609439401296,12.90427937854528,10.690338491459016,12.440571479365572,11.750097600552682,11.95235312232073,12.754784166331184,12.06614311030832,12.50882008220622,12.522039701727174,12.270030708530705,11.979317950088864,10.701758494967208,12.444475806452482,11.788493918030404,11.938885673632493,12.73293986836551,12.666800015080852,12.572589539713189,12.702123465920689,12.708607235029051,12.511471046728346,12.808700795779178,12.501002479672243,12.626633251101843,12.525255045790951
2021-07-01,12.980580226787792,13.612760013885447,12.445316566324172,13.542593577144428,12.782325076998411,13.301318116328169,12.434888065772736,13.219898375806215,12.456509238893874,11.938608589938864,12.782745619019757,13.394797478366664,11.066249512664482,12.46329013477756,12.023465166467776,11.963270193447478,12.856220181173011,12.29516190005864,12.789685036799176,12.45605645178407,12.430309221182542,11.93067368799938,11.162455335438924,12.41347545426893,12.013987912386114,11.92228128736465,13.047712200447044,12.778226503768654,12.72523441123412,12.827902290077441,12.984018209672856,12.68215296770597,13.144781103072864,12.661896521064719,12.76163141692355,12.705177434392331
2021-08-01,11.045603862292976,11.766845407405045,9.345407467353516,10.88516728093654,11.12803431322883,11.570612699719886,10.795382074085772,11.653277199214394,10.710575801607268,10.39523008659674,11.128190239083455,11.7185567155078,9.328928026124691,10.732454686958242,10.09355553668669,10.20555401458137,9.971516779514578,9.4350469804008,10.409188886870046,9.754805873237498,9.930727389905464,9.439962785745072,8.920070745266655,9.567937550332868,9.260291037428244,8.930594218054043,10.887824335671205,10.38672861265885,10.412414929735998,10.488083822883905,10.928393028888678,10.33649195844153,11.41243857914452,10.319339650738375,10.380930570198972,10.398116823259262
2021-09-01,11.310963416031353,11.963574805019611,9.99297197658443,11.520195617182878,11.671042770894656,12.137529815177874,11.295576949267655,12.1113048631471,11.190992834105172,11.03575427727783,11.671698312246969,11.946038800409122,10.20144944308784,11.117428264907996,10.74328370858813,10.73388711927324,10.688059355501892,10.021143764300874,11.009789189824698,10.604457276677897,10.571032401514938,10.269007814466685,9.587132775020931,10.427641411861762,9.972023249891222,9.75332206142006,11.36845483950865,10.947829892251043,10.984738791733756,11.049995667471933,11.540774493364248,10.912458738866361,11.917707743405344,10.893781004944415,10.943595953587657,10.973818888178617
2021-10-01,11.53936606468092,12.166918249281816,10.361010476570238,11.91081736606229,11.73294000176184,12.21109636937226,11.422677138815846,12.236222644360229,11.40998012852802,11.209179370949627,11.73279289619984,12.179272262871264,10.4394284613872,11.20775419039902,10.874096107751246,10.899404768125551,11.13645918623006,10.3829266844182,11.351476309421262,11.047340298621698,11.014316769557738,10.719532252143924,9.977494710233596,10.879186138826473,10.322216266700678,10.156526978236538,11.786858642504576,11.306804984415491,11.328289112513348,11.402824546823672,11.767977816095332,11.255385146909953,12.30686532926611,11.220829856261153,11.279889952954836,11.29655037441288
2021-11-01,10.740812782244207,11.348390659170056,9.776479299515223,11.277052019802358,10.99918595948554,11.459027067856942,10.622616607190755,11.423062285973629,10.659010795558244,10.47887275101033,11.000134957303011,11.513070084028564,9.827592931128605,10.424875035234786,10.239508796195368,10.097593416152511,10.483260285440908,9.79269253698324,10.716133847395852,10.4186424676683,10.343422207003846,10.149297251894913,9.536426415393398,10.256123462866404,9.829387171958889,9.556098410551698,11.163617329184,10.640670503444456,10.706159601275006,10.739015471653742,11.069978981216405,10.62862325107872,11.722229563023197,10.589975644608536,10.605302154248493,10.668212951324797
2021-12-01,10.447322313646245,11.048061201939523,9.423058165390476,10.975529629509415,10.639519858526011,11.08823094480916,10.23410715404984,11.03623424137186,10.344872968246571,10.112572960852294,10.64062130570104,11.020389444670004,9.436218807350675,10.040719243658568,9.85626631524943,9.626848470438825,10.212972619384365,9.424827220359877,10.452857734710438,10.129854331441896,10.078953966020125,9.869720991091285,9.127306847112616,9.960021510501472,9.507358116085806,9.186592264269548,10.855451168104745,10.344091205106647,10.44704746135451,10.444026068424693,10.74352218472736,10.3684587522409,11.383713399541751,10.317178090192565,10.292317050803133,10.395964091738616
2022-01-01,10.618835178596182,11.215057147802511,9.517489452485904,11.143282502827304,10.791270097130322,11.244173709092372,10.348520919030044,11.170748802680167,10.541283014500328,10.22508865572099,10.792203965764491,10.597850855927314,9.534474544999592,10.08871343992702,9.952071640082508,9.701562758922266,10.422490119159738,9.527381688170877,10.65175511597733,10.276463730738262,10.336963447035076,10.013133810802607,9.255015468487958,10.12109073971328,9.632018796254789,9.266042705926006,11.121462066541564,10.524702385252711,10.645252597106046,10.637203675358341,10.958201878631424,10.57840681396455,11.691543814626868,10.511887682808988,10.477951218567037,10.601511130128621
2022-02-01,10.425251511241513,11.009437758411632,9.37342561299054,10.962983483196345,10.62407185154675,11.072584311713234,10.280162311292994,11.096414819637186,10.349205885346064,10.138026324968086,10.625155683097065,10.401721432335714,9.610336899030322,10.045424012281902,9.829683705204584,9.666088729037162,10.247672235970631,9.391473710508157,10.467719348180143,10.119147588418407,10.125276220222732,9.865533167426578,9.388207165114382,9.983492112781432,9.527044588124632,9.161041096935016,11.026992687529107,10.354433144330214,10.464117802529776,10.455442069142627,10.918715489999293,10.409359097076837,11.658102683307787,10.347247958122205,10.311383375125086,10.425200072231965
2022-03-01,11.311781680229943,11.31398834083186,11.247036160700173,11.256226390708116,11.25866482235635,11.260750558657945,11.298156124175716,11.311755124963126,11.241737631090729,11.13449635264725,11.258266902962657,11.30329739601585,11.527258502273096,11.149593886083933,11.218453980101364,11.316820625088324,11.255820419581898,11.252262760179566,11.189005614472194,11.154048189441587,11.162936346485974,10.948474698266638,11.497961658730825,11.132700088727184,11.122078360921318,11.152530367331616,11.250007642801146,11.303922916736562,11.186062575083787,11.26076005455331,11.512390668175431,11.184549804145789,11.216133698350927,11.214837268349068,11.289308485090752,11.172292782753507
2022-04-01,10.661669976162258,10.661122133600877,10.58345215279092,10.588104565909113,10.613361365159031,10.613885021717207,10.755798421977849,10.76018373805408,10.634365758979062,10.629348811060805,10.613213148480762,10.847178466190512,10.945358276888928,10.586924120981804,10.586627149843364,10.788151529653677,10.62538209149375,10.590228033240452,10.563504556160638,10.538711920677384,10.614835483713534,10.434311668127885,10.975846320632604,10.529450714312448,10.525041212677806,10.535113067020523,10.613781416872891,10.627792634485498,10.56318338271869,10.592798469356316,10.86693719595857,10.561623626806561,10.56696694618857,10.58486100142926,10.613985384249636,10.550333982880295
2022-05-01,11.150554861046375,11.148380994549196,11.19006725571505,11.186741295771256,11.165355262432907,11.166465891507114,11.20134110834569,11.20866761579382,11.185448629250327,11.120687218533416,11.165222187966926,11.16545284567481,11.310271928719706,10.97369859389509,11.171431564269394,11.21107562372678,11.215921269582967,11.19355363981804,11.151677934478103,11.094392181002693,11.25568019271564,11.01203711501953,11.407648855578149,11.08795797616435,11.161851864477972,11.11380285588676,11.189629855839861,11.184133552377999,11.151059399872384,11.153382097555852,11.28376363920334,11.152766116854721,11.063317617439651,11.156771923966899,11.159071371459975,11.126600313406733
2022-06-01,10.701853901571482,10.70205876522069,11.00389521230104,10.93747389223826,10.822139224105817,10.823518310797914,10.86718404539588,10.86938126300883,10.763098307447962,10.832645889199794,10.82187009811282,10.816963070899876,11.099073610645586,10.800068539128974,10.976143829271662,10.872173673874292,10.777361417700032,11.00215273206909,10.763126545946864,10.751816824567928,10.79962610169916,10.776643769943323,11.21198899783294,10.753302043624082,11.022474139347302,10.938146093062231,10.836011547986248,10.793195453609943,10.757497955225688,10.77463673687893,10.790354505722973,10.758625840806731,10.746802740771681,10.75358401178923,10.770994047025624,10.735756876930447
2022-07-01,10.851645540829244,10.85270341266768,10.890306554514495,10.863099085820403,10.89475355263703,10.896333013120874,10.75992341476544,10.76562526266788,10.849657310075322,10.716620719516222,10.894436878328202,10.779455821402388,10.968300896020894,10.718966072270762,10.932812851340817,10.701022967932248,10.792601562384617,10.863636003506032,10.731160509713218,10.725117048321689,10.740213899927696,10.614019341634489,10.822509933626554,10.71084436489772,10.811967253848827,10.788830475825334,10.730883414934292,10.792639910636403,10.729687214990287,10.772386288751207,10.717068480446146,10.72559380827033,10.617742122033109,10.725144539415313,10.768213944842529,10.705745473410433
2022-08-01,10.225158409827836,10.22425386994005,10.216956075681589,10.216542274181624,10.243022847393066,10.242508934776524,10.21235934651354,10.218736475181045,10.244440567321806,10.1598045715534,10.243006230636402,10.215554049236731,10.111894460432266,10.060618772082591,10.220672330727064,10.157123437309798,10.234411503278588,10.21889541593852,10.218272741513916,10.139899685463757,10.256764904572824,10.072693754332365,10.098137643269895,10.122264783897858,10.209695832503863,10.139695767290812,10.210783475138774,10.218130779970968,10.217715627899235,10.20672060007483,10.120742039238356,10.215599133707833,10.128681314801499,10.21042830273041,10.199682879203698,10.199597358873163
2022-09-01,10.19369281547926,10.192445290096313,10.18555543079674,10.198416731233973,10.270103206115351,10.269422450030495,10.284950280381034,10.288675002114283,10.263675636402924,10.266489245481424,10.270120480045136,10.118154312106803,10.037555624330166,10.156019823970322,10.22182392743087,10.257220000708868,10.230128934538714,10.185297403635856,10.251802000966515,10.167710916837066,10.305680914525356,10.189848235734456,10.05283197649904,10.16242340752184,10.190289454107212,10.135722680712837,10.256075974908814,10.216164796998502,10.249736842228245,10.216319523043126,10.14564572829266,10.252265000141946,10.206006037130342,10.240816610332493,10.207552795509601,10.241093469448527
2022-10-01,9.822700493454176,9.8227107701578,9.833045126074271,9.834910275579052,9.980890532722032,9.97944598906431,9.86046787451538,9.864987667850528,9.935649884719572,9.907027544199034,9.980985864956152,9.885436593027611,9.79872413537607,9.79929085805668,9.958930174973457,9.854445140535931,9.823273410375958,9.83146578771378,9.918090349430148,9.789233958197858,9.928819828909525,9.873404255153206,9.811554843199596,9.78746913711683,9.896358284663048,9.789336961456328,9.89270774788467,9.843783985699394,9.914396662862655,9.850181250466186,9.847416449005593,9.917603547316729,9.924968300217598,9.915655343352428,9.851162117910976,9.921447266353017
2022-11-01,10.185985048419594,10.186217704675933,10.132721564608277,10.128087125120352,10.273481172339135,10.272138179574718,10.220597099442028,10.222260398749745,10.252054875374544,10.24439525423272,10.273620012113035,10.16832551377338,10.42498104640728,10.169628828381878,10.279419094387771,10.245500265202372,10.12635270096362,10.13258150648048,10.19555914292792,10.110836732189435,10.18957109120389,10.147397235912942,10.404975520211694,10.103029992506311,10.20251085790064,10.126735490466416,10.095242673294896,10.154635582310714,10.19629478889029,10.146345740896875,10.334401624905851,10.196077620377036,10.154269822773623,10.22232318416927,10.17109228857616,10.212668181156285
2022-12-01,10.331560918848847,10.33040845608458,10.330736165317733,10.32484223126342,10.388923404164728,10.387008950209983,10.388577028702352,10.388689235084064,10.410283041978944,10.437720342255556,10.389225304592449,10.4031893857269,10.750162115049386,10.3101536857412,10.421171780132456,10.435385312226645,10.33369260489179,10.329362291756166,10.417269933383398,10.31635259381699,10.44600664107204,10.403522956646013,10.785067239393593,10.310473263116153,10.438905434648827,10.33459978967398,10.319263147780621,10.347141295704546,10.419179775052687,10.331435742218256,10.625944230014918,10.420380246616084,10.359404824882,10.447411474154556,10.357984981682513,10.430100703425389
2023-01-01,10.096902922132076,10.095451282396803,10.168917481065446,10.153803727241408,10.185180685540674,10.182374404737873,10.18972940964517,10.18585398112056,10.180821861420412,10.266119326438403,10.185589787116497,10.27470233221414,10.411032014925627,10.168629770911515,10.259818355781269,10.226648446707776,10.137461589995748,10.167481681685285,10.241595949893028,10.151168465573216,10.216632267166542,10.259123705356073,10.477433830354064,10.156055230833536,10.325506188529062,10.186672117237284,10.14674088117603,10.14064977307141,10.246793833810647,10.131274592365042,10.298023997606737,10.248376000180185,10.156177554379182,10.258848054581959,10.142443934706963,10.248478421600698
2023-02-01,10.389590911334665,10.390083302416343,10.547977336671831,10.499263975606864,10.364755046731672,10.363072059467756,10.418580988817393,10.413908380900134,10.373982324869804,10.460558902279631,10.365048515654417,10.442849885613184,10.645092156694126,10.491776284761398,10.516151699782805,10.416077827472469,10.401299360504328,10.551689283175048,10.462598579969802,10.451097362276991,10.401420267108794,10.51766581341186,10.69536409597861,10.45682195897344,10.69033025127077,10.57154698642592,10.32878091560995,10.413588120318352,10.465531617603116,10.413969779357561,10.381899406045529,10.461727803273783,10.309195543591715,10.464178344114323,10.412559636542298,10.464371147465618
2023-03-01,9.770040041439383,9.768551414910318,9.803403640353109,9.783147779587262,9.761968456066914,9.757885449600083,9.676224541597511,9.67343194399535,9.795379514647143,9.776394108309436,9.76252684537404,9.802925559873778,9.66665439221206,9.71362300079358,9.837060078797776,9.601956048408308,9.758774594513929,9.79086973264078,9.872745707308862,9.757465506904936,9.81379743761299,9.8391250854241,9.611721001376903,9.762450658837112,10.0055318490564,9.78784894452577,9.802421233023958,9.718383273909689,9.87384777038302,9.744899483743477,9.502168694731653,9.876558683995384,9.792909002918496,9.844908215461304,9.715992257959568,9.870757990959616
2023-04-01,10.010859949988609,10.00973883618155,10.045788377805492,10.0428041252408,9.927627799109668,9.9242603242563,9.988069925293892,9.98805188458669,9.976533640647746,10.00158050906272,9.92812326693974,9.763562589157244,9.81234747934792,9.968959130764802,9.965418186058915,9.953307231373469,10.036574876477696,10.035175020593044,10.112960726544776,10.021006315792656,10.041972157394706,10.032799762995609,9.787480742679705,10.02147474577442,10.158705626085244,10.019473301983211,10.023253163351463,10.018119385070943,10.113423321619488,10.030473860019933,9.82729163952795,10.114909168045218,9.989075183770886,10.097770694686295,10.014863802338095,10.109608834735612
2023-05-01,10.111656803993965,10.112195030371062,10.114403148436065,10.118489630778326,10.02955992536557,10.027483972152062,10.14380957044676,10.142591878873814,10.06256084755407,10.137547642633605,10.029861512894945,9.982048230199972,10.08456158660964,10.187948623610216,10.031765380873022,10.14454910292349,10.106385942898909,10.111535153451044,10.168679231506228,10.132117975932715,10.102786742015288,10.169791375418455,10.058640693608892,10.137614230712533,10.150843467686194,10.118133658080067,10.13511366381607,10.131352258690425,10.16874183094024,10.134166105329992,10.132163108427271,10.170230540347882,10.142493514421696,10.171180836033956,10.136327943389974,10.173552638357789
2023-06-01,10.20048072676577,10.199111339715808,9.982882564043589,10.030716477316112,10.079732663599964,10.07764043164757,10.114583694883567,10.11540642420403,10.120167089826596,10.072293933923508,10.079975305429162,10.117724057816186,9.890486180583574,10.078473092697156,9.971431051963217,10.107787802236173,10.15286851081266,9.98620834212211,10.133678155796323,10.121418962279094,10.076578456288791,10.006223637203233,9.837879708772205,10.119873354769547,9.949230802955167,9.998324126835373,10.14914401606841,10.127319523482958,10.133513794684683,10.140673526822898,10.139525714748887,10.135575048092093,10.194222640152828,10.131840034752047,10.139025587176608,10.145020819925234
2023-07-01,9.497040954174777,9.495266565302533,9.53590748600546,9.543151865139968,9.39438898158754,9.391229102365733,9.592348708036967,9.5903653122969,9.449677309040595,9.561047467342206,9.39471848674036,9.661327086542354,9.394519344657835,9.546965583838578,9.427071813344574,9.61433949294939,9.554402548066813,9.530676766128073,9.583549122416164,9.559795916071032,9.56303625688141,9.5772801126765,9.477184149955892,9.565549569982984,9.56237018526637,9.539089195005504,9.620011188973574,9.550980657703777,9.58495406605897,9.56782045944765,9.516895958441763,9.58861547320031,9.676385428526924,9.579937141401174,9.562867981246324,9.596505199705131
2023-08-01,9.38025448618884,9.378108125587046,9.36824649260264,9.36387178954446,9.38043727515058,9.377167879530337,9.399731161883766,9.395063979421453,9.410808893577316,9.452542754562408,9.380736379536936,9.339635036289456,9.338912962264212,9.403448409531386,9.41063684141056,9.394694506729632,9.377337478665018,9.368404397939337,9.430298859926769,9.384338534476832,9.443616343030747,9.46799228882981,9.362687945001316,9.392975862063423,9.463158994000493,9.38655247054133,9.420837773930074,9.352927554753869,9.432561701850515,9.369717671929287,9.298806429435118,9.437235116506965,9.43854450813755,9.422256025073954,9.359525257288865,9.438724136708947
2023-09-01,9.43659208184516,9.434406178262144,9.4168306759591,9.426478985586076,9.48359418582852,9.48091923636314,9.456742583599585,9.451550488388994,9.508184622123911,9.54162936588405,9.483847435175909,9.38916068096728,9.279799538092398,9.47389377839798,9.441603011605434,9.435293481230085,9.468673615434431,9.415987722562967,9.5268176365683,9.487157123501987,9.576084528403658,9.62311566177976,9.30243181049538,9.497750481512838,9.476170924695587,9.443573649151128,9.500395047810851,9.446159832589833,9.525584273288148,9.46281807273891,9.365684115341388,9.529919740646768,9.498246952102544,9.513031336103994,9.450351139495657,9.529326101191325
2023-10-01,9.256178729390172,9.25361855709651,9.224505203135466,9.233496749132796,9.316794181730716,9.314481051646538,9.228520683578314,9.22459625562039,9.311005776688216,9.283038413454316,9.316964179600545,9.301179125420925,9.10981326842795,9.22113432536721,9.285246329594566,9.215868383201435,9.282646157749186,9.224433185810714,9.29070893075524,9.28820357976784,9.32743875753224,9.333555663447244,9.143335617163912,9.294148441202454,9.247474924120894,9.249291205489673,9.309469811287283,9.254771397844069,9.291469907028313,9.276271720806422,9.183605063028116,9.29510923571575,9.343176273262285,9.28057097569505,9.26549643487949,9.301806882896054
2023-11-01,9.042123198832227,9.038827864506096,8.959382781164088,8.98944367479426,9.064113070242051,9.06111685197159,9.039910429762934,9.037409436564406,9.071588789572631,9.059775573924831,9.064379303691483,9.0610202434929,8.66276140987794,8.992485882595705,8.978555784091155,8.983346082171217,9.093221766373416,8.95881668727974,9.097416166749358,9.072560621502118,9.114887047609,9.079965847100205,8.69806098057915,9.079592599649876,8.97533215553572,8.965549596576471,9.165652850285934,9.03147177877563,9.0996789502221,9.075286951388845,8.87114438937864,9.105742486041743,9.168528746786164,9.059538499493723,9.03567870739601,9.103243095842503
2023-12-01,8.5472278815833,8.544059858203596,8.457464403268457,8.489568737661527,8.52073261809253,8.517535820834663,8.576393002996095,8.573250394935151,8.547224154664228,8.568102299069226,8.521016146851219,8.55349636953862,8.021754964860467,8.520176888737746,8.42690041000157,8.509673848218629,8.602140413876826,8.455994660762846,8.591590089964884,8.584906635717065,8.615442102786394,8.584739975854257,8.06335711224574,8.589930618620386,8.45122609167095,8.46331256128703,8.656421859282204,8.52856502116178,8.59315899330237,8.587398127558174,8.277036318169333,8.59755580216184,8.661093680808976,8.538251436075203,8.532848975444294,8.596618303808384
2024-01-01,8.94072955123282,8.938307271560653,8.887853072602187,8.909048310016864,8.928738342716063,8.926787465542116,8.995559365428475,8.990329332601183,8.952804570805643,8.992480405118117,8.928878483969804,8.800460894988785,8.570320331679751,8.974046483414883,8.846179797888286,8.956929317208722,8.986232886982588,8.886677394829805,8.956287601038651,8.99721632219859,9.018779042947122,9.031817399906846,8.604845006691773,9.002932328420755,8.839991387109414,8.912560210027602,8.969692836973207,8.940025613715385,8.9552742607009,8.98008113759723,8.754043958893597,8.957544187679304,8.960313112137237,8.921438832629743,8.946655546421034,8.96136005297144
2024-02-01,8.956377111713536,8.953129146094984,8.817826996058196,8.862241745719238,9.046757344970397,9.043999787784532,8.918888523867132,8.917794781365739,9.053631958216664,8.976930710184853,9.04695754081217,8.87069451126294,8.682676724101853,8.825519204212409,8.892524378785257,8.899626281201645,9.002946549982129,8.817026629981875,9.018508640712144,8.973932782387733,9.105714445604452,9.025851238223895,8.705806649650672,8.969699066979407,8.805006642036455,8.839153000815342,8.977546317624913,8.981315277806878,9.018544766512765,8.989169936636454,8.970862140458417,9.020399019075185,9.026588718694342,9.027496554145158,8.997406818987043,9.034283284381054
2024-03-01,9.188958226427909,9.186831156100068,9.110006799774776,9.152544073918262,9.2723216126053,9.271066730009874,9.284828517782053,9.28294872565971,9.257553923203917,9.27683874699297,9.272317518999872,9.120914075362888,8.876959564048025,9.197734313262368,9.129519409878528,9.25951452433055,9.270045055462775,9.118465355409407,9.24898428065647,9.255085821829116,9.33030967308262,9.287679293975934,8.944629079966015,9.25176354380071,9.031299518624264,9.125538581433927,9.201936045244485,9.250619867590064,9.248093266137365,9.264039145461318,9.20790494358989,9.24715277055032,9.180825756295901,9.235781061639923,9.251873650251417,9.24928233513346
2024-04-01,8.651415640360307,8.64938479928649,8.556505018891745,8.584586440126056,8.81201264854788,8.809571961455529,8.68890604048482,8.685451819877603,8.774346450708503,8.759758911414066,8.81213670325509,8.932749858219472,8.231504231957885,8.65355936451431,8.7011884097913,8.635712184135695,8.687083800011909,8.56980916491253,8.72498312369995,8.680586884849687,8.799182981299902,8.789038946286274,8.286279353802012,8.681297090354116,8.575690466116177,8.57906226433543,8.677088889929516,8.654940608366857,8.724451444622005,8.6805422575719,8.492426792098549,8.72476563867218,8.660157879516793,8.698837727139686,8.654660134094582,8.723756757037965
2024-05-01,8.855149689159848,8.852739275363179,8.898952205178363,8.883536488019738,9.036602552617255,9.032667518379146,8.902925639993525,8.896238968830424,8.996087808861224,9.042862337131355,9.036948914227446,8.787667119151529,8.856019709670298,8.921657154741446,9.103889802691873,8.895489628549154,8.885842028646403,8.903088026272151,8.99728076657129,8.90694564047499,8.999682210262169,9.068891665830542,8.91704748927476,8.91874331032334,9.076421936201315,8.926219485519487,8.933060322420067,8.854678351214947,8.99831114363703,8.877086887344483,8.781597423630839,9.003113489054986,8.909954368227071,8.978908304177022,8.856822549136881,8.999819422593985
2024-06-01,8.65434181041056,8.653040258358999,8.596742979060316,8.6172571882627,8.734290522170584,8.73128291671455,8.577919632970305,8.578376357216463,8.753252311453597,8.688730588337007,8.73461534962673,8.576407981967959,8.509018844567967,8.581668347539829,8.65359559200426,8.558607959665403,8.67120889819046,8.591174136620177,8.776268353645381,8.663189250366079,8.832161028645702,8.823758291449055,8.504556925856566,8.667260611190335,8.657021842524431,8.5896415777035,8.721078471655886,8.669733095033171,8.770399548563532,8.689752282224747,8.639806843960017,8.773635691464325,8.749255278935626,8.761598561396722,8.680155688327062,8.780270515683577
2024-07-01,8.509321090983015,8.507578234691017,8.414625279069814,8.428638871092982,8.659495856578078,8.656154587580575,8.52754254895616,8.5248472893301,8.616050188614627,8.615416112270939,8.659885333488981,8.714391884934981,8.4029415697456,8.508197722059313,8.60903506512503,8.507718161859131,8.48927535969851,8.42234812061037,8.573069911106856,8.484837356903878,8.566687921903133,8.567477987908159,8.42232316549299,8.490297613937836,8.51624803906112,8.436305309268626,8.541884276068421,8.480922116970266,8.57535937853879,8.49564110297376,8.48130921614681,8.57897396644214,8.580749287380174,8.574637889024968,8.494013223585744,8.58800084410073
2024-08-01,9.165642959328002,9.162887153634056,9.099238917727304,9.114049685022474,9.143309363302857,9.139702714903654,9.181594401894678,9.17961547448277,9.18046714293686,9.19349527765417,9.143740427758395,9.098530751168555,9.067872036073476,9.09707508823821,9.11974472356114,9.155267572578976,9.19259638729593,9.103365176879969,9.235940344055496,9.165319838367674,9.234394758798262,9.178189120864614,9.116011803817258,9.165673595689665,9.191036122175166,9.1130239419396,9.16684307847008,9.15305591101696,9.243792657262814,9.174131431657015,9.137153038460838,9.246165975318325,9.171644681850527,9.23288233274713,9.162740240946572,9.252793159531691
2024-09-01,8.992261174332944,8.990072096164191,9.052009834924846,9.05233176261397,8.98296626947809,8.9795550465948,9.10779442759701,9.102957321164425,9.01723001545926,9.129984450079654,8.983388208669757,9.061312129517884,8.999416306311586,9.059172775613684,8.997339928317562,9.107543766397535,9.073873018052288,9.05541362347991,9.14529798962312,9.09324316756802,9.154741249612036,9.19731545011146,9.087683669717087,9.09871214765184,9.142911832465565,9.084124546501824,9.09543325623422,9.074051443383361,9.14729878428495,9.078950374018806,9.07996409395754,9.149374640445824,9.131321420693581,9.154820468071172,9.085608510584223,9.158494602521136
2024-10-01,8.571227853609946,8.568508326612942,8.58652739175438,8.579809444308273,8.602785408927211,8.599196302163511,8.568227623748156,8.563575875162046,8.62509950719264,8.638638263188968,8.603274677250134,8.62735739821387,8.690214711787908,8.531387988611343,8.633483515264642,8.58058940046681,8.60508039729601,8.588897999400375,8.66943179203371,8.608821639597034,8.68782210253229,8.692429331165972,8.756647291458576,8.612068999035786,8.702360680943976,8.619143560697918,8.631681710940507,8.595912711381159,8.674789409927861,8.597544824919169,8.663365262446828,8.677177824927847,8.696090761804069,8.690024754251986,8.611677780401186,8.690310741881001
2024-11-01,8.614035775073985,8.611535202993906,8.644182621006141,8.649200387624417,8.655756041834854,8.652050131036013,8.669725400224653,8.665424450457248,8.672072850356475,8.732408918597134,8.656300246265706,8.666523011648737,8.65797446187724,8.631623444792009,8.6537124235918,8.665767419769189,8.688866637445757,8.64593035539119,8.78529121644595,8.697415786198828,8.782571787566635,8.813737782404097,8.739015893542804,8.704845432125017,8.76669297532958,8.670800395917846,8.742319864832977,8.683005930171063,8.789451302580016,8.687547629452524,8.733421559077845,8.792879668168144,8.76073515755628,8.795245572775048,8.692268516487921,8.798390920811633
2024-12-01,8.755338520970334,8.753047827349546,8.806594395573203,8.791235263538997,8.773858960061876,8.770386364209468,8.772120121081736,8.76737165730104,8.799619424395127,8.84031013973435,8.774389120128586,8.790477626117019,8.908029768350739,8.760993897303566,8.830222399522636,8.781600424851607,8.789294475033449,8.810260537081687,8.879203033870116,8.797554769563638,8.878935669028923,8.908795556649482,8.989564968202307,8.805036804291694,8.950366391743966,8.83003499351656,8.84701379397677,8.781595198021758,8.88438504110854,8.782650903922384,8.84125813205601,8.887691551784172,8.860794272269949,8.89231296017104,8.789508967532383,8.891995888985976
2025-01-01,8.448830391827057,8.446390768064056,8.508669092097598,8.495395636086682,8.440057791169668,8.43679202338728,8.473189911156858,8.467583515085527,8.465191777868666,8.514758159728562,8.440555687948283,8.530671131166986,8.624191301816781,8.46375702317218,8.485493012373704,8.489961503458664,8.495902624372734,8.505502937076804,8.55437268755193,8.512011260710397,8.553153724609585,8.59312775526797,8.69290943578882,8.51972456036034,8.607185477639502,8.534386239786288,8.569554539952568,8.490506192941798,8.559662417867726,8.490909606357079,8.56186429632881,8.56243636256958,8.600879117175822,8.569610664043921,8.500005870189677,8.56895287773715
2025-02-01,8.745530256019075,8.742561299212902,8.814769607180166,8.8000118825845,8.67427495623022,8.671619007263251,8.737175069524923,8.734138350037126,8.705983619718342,8.711065782508932,8.674709447664577,8.750226617758115,9.065411705674958,8.673564003376445,8.73529358023669,8.780254763772518,8.800552355064497,8.813951754701232,8.785506553151134,8.795226648445654,8.786367906534647,8.758716827487874,9.16057051946223,8.799108009281024,8.85299865410228,8.8409977354165,8.87177394917521,8.809716124825783,8.793772433262456,8.793819046455022,8.9880355634844,8.796724495873523,8.942195064889376,8.830719895629043,8.830226117793012,8.813873808667719
2025-03-01,8.51151522638377,8.508668543804955,8.613920969509214,8.598966623683811,8.443700258582783,8.440568800751443,8.595449836848681,8.591026216250942,8.479834888338104,8.557716558004913,8.444172343192005,8.522086076469936,8.83155598138947,8.504935183338006,8.504466266750981,8.6210324452768,8.59948004066217,8.615338742631787,8.614715254337138,8.603261084776962,8.61297140409989,8.611357152371502,8.957118905881527,8.606252049772388,8.682857022253671,8.64156908308665,8.659326928610264,8.598975483834797,8.622711778396988,8.594091263634791,8.77097014810575,8.624529248663334,8.72888368261576,8.64418631375319,8.614944024002423,8.638677410910073
2025-04-01,8.225368676258004,8.222540341863308,8.300618307210717,8.2903719899181,8.20070843601123,8.197654199611092,8.27105014536685,8.26727158230805,8.241264980099164,8.28501822250039,8.201196347340245,8.386490571719452,8.388841044606172,8.183813480327657,8.237033674754983,8.284124199772116,8.306225627939092,8.299721348225196,8.349184412560945,8.297501586442305,8.39363511310131,8.369817319181852,8.493424623815095,8.298779313391304,8.386443670738704,8.315386653062799,8.372571243541067,8.291466727555111,8.353369311500805,8.292413005748092,8.358312546551055,8.35463180048061,8.404408087320903,8.3624278709061,8.300762793649993,8.362468363679655
2025-05-01,8.025755851684723,8.023394682788034,8.230090978376928,8.184368384459178,8.064241705358745,8.062277188876674,8.142321783812273,8.132827296533266,8.08516002127869,8.181993421641597,8.064588922457128,8.081733925523736,8.420377333381301,8.082051274466231,8.188789086212985,8.197055730633348,8.112047775614066,8.228304388996914,8.106434647187486,8.158212259592462,8.217063311269301,8.268670050079349,8.556587067839981,8.157284202625604,8.284469835778204,8.28443885594194,8.003661145919853,8.11370230820048,8.102232637389697,8.106477177848197,8.203190979374297,8.101200704710923,8.09261885564122,8.131562094505655,8.135178271053634,8.123811224597844
2025-06-01,8.583615503118612,8.581614181302267,8.710377929952639,8.695308675166471,8.73074648313631,8.728635565787686,8.58833504405276,8.5846539751494,8.683361221773312,8.670151970026511,8.731024945413544,8.47741650057925,8.794172223062803,8.536054023242194,8.766233660260015,8.625053447537075,8.68726131078129,8.703843749020436,8.705137836495377,8.702911592711306,8.720781577984257,8.737955511029512,8.859951473470007,8.70150865699228,8.752818448954208,8.732313122989996,8.603144380538028,8.692066044091842,8.711375491080814,8.689990041398923,8.76360405877237,8.710947823426912,8.644345784352405,8.72979754388927,8.7079596254566,8.727304969402054
2025-07-01,8.436781426354493,8.434478305325447,8.49752952324281,8.487098706081525,8.458402005665846,8.455662538023308,8.452579743436594,8.449475867617696,8.483411483242556,8.48739241948648,8.458799223966263,8.350478424830452,8.515536097090997,8.364282866685349,8.494255560716754,8.463642287941353,8.502580737418363,8.497486523615883,8.538892044048136,8.4847938356174,8.581494670297223,8.541763206846023,8.594629905304416,8.480784265363756,8.581695481432012,8.504128819051138,8.447334395124441,8.483277870288546,8.546704588761873,8.482451265545368,8.491082647137048,8.546418547743816,8.452873181957793,8.552538638748464,8.487760108688143,8.551020077243509
2025-08-01,8.478528091460761,8.47852686675608,8.696904389226368,8.658483068001404,8.583553141030443,8.58164009027666,8.627554881845489,8.618662057387136,8.545815707599084,8.701591903618155,8.583864031331487,8.490617228550772,8.690307524878065,8.710373173499587,8.6854760837897,8.664627056294494,8.541808966593956,8.696602163365247,8.63187944053721,8.62842284006613,8.601329322223739,8.794651912115967,8.764776226754769,8.637991083968084,8.777972831963927,8.728439199999615,8.506414970962156,8.585064370019456,8.622834254694748,8.576420530755351,8.586605258126644,8.622074149716404,8.485389400165976,8.633605767039617,8.58670151973177,8.624447271830512
2025-09-01,8.267256543897915,8.266594448613697,8.20273022183566,8.19199951193826,8.251889464690876,8.249986146685632,8.080760576162474,8.076917338248027,8.251851539061036,8.155797056633073,8.252155636904345,8.215118416099584,8.281512657334394,8.200347814014068,8.265249821436743,8.0962172087712,8.189338192283195,8.193782285076654,8.184367934089167,8.204337808800902,8.173060929130012,8.204652061670103,8.209503662749745,8.204269451670374,8.21487983169313,8.21442224427965,8.13655655971688,8.18168632861815,8.189900889467193,8.189726241205253,8.1529761961257,8.189192816390332,8.156119558303526,8.189379800396672,8.189116766778413,8.197175510072949
2025-10-01,8.53563733153437,8.535220045315258,8.599291734203527,8.58816070216257,8.487495933088395,8.485565296600134,8.526252063692787,8.524907158839921,8.482866148924977,8.492941077031375,8.487794930249631,8.444868559053317,8.566191700772142,8.519650287486414,8.522315935903901,8.548085774821821,8.560669911168635,8.598004786307424,8.56499009502681,8.56694305850015,8.504176320409352,8.531100049991009,8.59121125427084,8.56348720117432,8.604780645075202,8.594299374463656,8.457653908232599,8.588225781691278,8.569622011765881,8.577864888521711,8.576489165864288,8.567936717364407,8.440779276089765,8.58414207680753,8.592144267671127,8.57360335120128
2025-11-01,8.683266824105491,8.683285456879183,8.72458461327768,8.705880918692616,8.599161203211237,8.597445281803271,8.682230034297728,8.68003424181327,8.621719222327048,8.64057891051504,8.599385570295544,8.51196951490319,8.814722586671804,8.69504056600666,8.653344581712775,8.710190423966864,8.65665498229922,8.723903404886409,8.664129485790781,8.66977304082607,8.628657186022062,8.657874192451773,8.810650567457824,8.665233222947219,8.73455878978522,8.721538872541803,8.557695549139847,8.686802855564531,8.665199226680771,8.676567485626554,8.724717908776004,8.663072297503192,8.559322798395584,8.681516347104536,8.69262916809616,8.671248974894915
2025-12-01,8.584584220253587,8.584654573402972,8.55200508276025,8.553892886470383,8.570227094926132,8.56897276542361,8.593755978438583,8.589890637777085,8.583979386159681,8.599530613866285,8.570357252870453,8.540366230297133,8.487325212728033,8.621914722289924,8.542083680057777,8.601240180455676,8.55845733790782,8.548408667911996,8.569034759329625,8.586054700650106,8.59485411111983,8.63201805400969,8.44694815021454,8.579328867418887,8.525856800595697,8.567246918989433,8.439726714723223,8.576004927646416,8.56188441680685,8.578356615185992,8.527454386131335,8.55864503846255,8.447182205766135,8.565527326664165,8.58196784005802,8.567818118351463
